"name","courseID","mod_type","order","chpModPar","seqModPar","vrtModPar","stds","count"
"b613861cecf84ffcab01afb23f660475","MITxPRO+LASERxB1+1T2019","problem",1,"41ad78dff2594088a4eb8b6b7ce406f3","c1b52a1ef69a404ea9132e95ad25093a","4aea5151404640ac8ebe81deff85def0",241,1610
"e2911e79efc2420eac45d9f671463d4b","MITxPRO+LASERxB1+1T2019","problem",2,"41ad78dff2594088a4eb8b6b7ce406f3","c07316dff77348caa08e94ddaed4bec3","0a393e10d08c453ea9659c51826bd65e",241,1686
"519d1b8c59404d67b54e96c5c8a830b2","MITxPRO+LASERxB1+1T2019","problem",3,"41ad78dff2594088a4eb8b6b7ce406f3","c07316dff77348caa08e94ddaed4bec3","0a393e10d08c453ea9659c51826bd65e",241,592
"531db53f81f646edb0cdcfe0085b03b7","MITxPRO+LASERxB1+1T2019","problem",4,"41ad78dff2594088a4eb8b6b7ce406f3","c07316dff77348caa08e94ddaed4bec3","0a393e10d08c453ea9659c51826bd65e",241,566
"4f5f94b2f95141e0a9d53a61da2276da","MITxPRO+LASERxB1+1T2019","problem",5,"41ad78dff2594088a4eb8b6b7ce406f3","c07316dff77348caa08e94ddaed4bec3","0a393e10d08c453ea9659c51826bd65e",241,571
"6d541c89590949f99af293c4f2333f67","MITxPRO+LASERxB1+1T2019","problem",6,"41ad78dff2594088a4eb8b6b7ce406f3","c07316dff77348caa08e94ddaed4bec3","0a393e10d08c453ea9659c51826bd65e",241,546
"dd5cf0b9fe4c4f1d8f5ff8e4c04879cb","MITxPRO+LASERxB1+1T2019","problem",7,"41ad78dff2594088a4eb8b6b7ce406f3","c07316dff77348caa08e94ddaed4bec3","0a393e10d08c453ea9659c51826bd65e",241,615
"f96261861edc426abe2248be4f0a709a","MITxPRO+LASERxB1+1T2019","problem",8,"41ad78dff2594088a4eb8b6b7ce406f3","c07316dff77348caa08e94ddaed4bec3","0a393e10d08c453ea9659c51826bd65e",241,608
"66b5e16f4f75454fb5b8172079f0fa83","MITxPRO+LASERxB1+1T2019","problem",9,"41ad78dff2594088a4eb8b6b7ce406f3","c07316dff77348caa08e94ddaed4bec3","0a393e10d08c453ea9659c51826bd65e",241,601
"0680571d4698477995e41842c36a54b2","MITxPRO+LASERxB1+1T2019","problem",10,"41ad78dff2594088a4eb8b6b7ce406f3","c07316dff77348caa08e94ddaed4bec3","0a393e10d08c453ea9659c51826bd65e",241,597
"9112f2bffece48e08c6d2287be204085","MITxPRO+LASERxB1+1T2019","problem",11,"41ad78dff2594088a4eb8b6b7ce406f3","c07316dff77348caa08e94ddaed4bec3","0a393e10d08c453ea9659c51826bd65e",241,625
"56586aa865414f538729c7f7735d2bc6","MITxPRO+LASERxB1+1T2019","video",12,"41ad78dff2594088a4eb8b6b7ce406f3","ff431411da1d4bb1ab793e366c040c22","a8de6a7bd30a4d199199e9fdd3b2e0f2",241,2831
"b7f2b31585d94eb3bf86376714aa7070","MITxPRO+LASERxB1+1T2019","video",13,"41ad78dff2594088a4eb8b6b7ce406f3","ff431411da1d4bb1ab793e366c040c22","81f6688cafb74a9bad7355c1ae6be8b2",232,1243
"3f1c815879794b929260d224becaff7e","MITxPRO+LASERxB1+1T2019","html",14,"41ad78dff2594088a4eb8b6b7ce406f3","ff431411da1d4bb1ab793e366c040c22","96cd39646c4949cea85b7da09a3bccd5",223,421
"81c864a886d54a6b8ff85f7d736f4f95","MITxPRO+LASERxB1+1T2019","video",15,"41ad78dff2594088a4eb8b6b7ce406f3","ff431411da1d4bb1ab793e366c040c22","2fb5b5623552495580e2edbbad6bc942",215,319
"eb2a0eb537344a9e891c761662e400b6","MITxPRO+LASERxB1+1T2019","html",16,"41ad78dff2594088a4eb8b6b7ce406f3","ff431411da1d4bb1ab793e366c040c22","38fc3bea819642aabb5670fffab96d29",64,141
"5c5ceeee4562457ba6d41515aeebfbb1","MITxPRO+LASERxB1+1T2019","video",17,"41ad78dff2594088a4eb8b6b7ce406f3","ff431411da1d4bb1ab793e366c040c22","d4e705c30bbe46dcb45d9f8687718f19",226,881
"9afd71a5298d4333b6849dfce1b9422c","MITxPRO+LASERxB1+1T2019","html",18,"41ad78dff2594088a4eb8b6b7ce406f3","5b29c859c3444d36b16200841f174ef0","80d9337fbaf24e5786b094bb2cc7149c",228,1087
"daf8890a3c354459b8a962529aceb072","MITxPRO+LASERxB1+1T2019","html",19,"41ad78dff2594088a4eb8b6b7ce406f3","5b29c859c3444d36b16200841f174ef0","80d9337fbaf24e5786b094bb2cc7149c",6,22
"b7719e26494940efa49512aedd0aac79","MITxPRO+LASERxB1+1T2019","html",20,"41ad78dff2594088a4eb8b6b7ce406f3","45117ed48057482ba7b2a5058a0fc21f","6786347a717d499a9ca7e40351ebf14c",227,1707
"a49d1bb4328949299686242fd0be5584","MITxPRO+LASERxB1+1T2019","html",21,"41ad78dff2594088a4eb8b6b7ce406f3","45117ed48057482ba7b2a5058a0fc21f","9c6635a6fe0144928f6289439f1716d3",117,429
"d4c3b003e8274e429d2fa688d73fde6d","MITxPRO+LASERxB1+1T2019","video",22,"41ad78dff2594088a4eb8b6b7ce406f3","45117ed48057482ba7b2a5058a0fc21f","9c6635a6fe0144928f6289439f1716d3",220,1079
"b3323dfcc2d246d599e1c43b6be7751c","MITxPRO+LASERxB1+1T2019","html",23,"41ad78dff2594088a4eb8b6b7ce406f3","45117ed48057482ba7b2a5058a0fc21f","9c6635a6fe0144928f6289439f1716d3",2,6
"d4f45188d3c84a02ba08454e6403a818","MITxPRO+LASERxB1+1T2019","lti_consumer",24,"41ad78dff2594088a4eb8b6b7ce406f3","45117ed48057482ba7b2a5058a0fc21f","9c6635a6fe0144928f6289439f1716d3",222,601
"a8f52a1637e44afd96e621bf9efb473f","MITxPRO+LASERxB1+1T2019","html",25,"41ad78dff2594088a4eb8b6b7ce406f3","45117ed48057482ba7b2a5058a0fc21f","9c6635a6fe0144928f6289439f1716d3",1,1
"5bc03c8f16354d04bd51f5bb93559ad3","MITxPRO+LASERxB1+1T2019","lti_consumer",26,"41ad78dff2594088a4eb8b6b7ce406f3","45117ed48057482ba7b2a5058a0fc21f","9c6635a6fe0144928f6289439f1716d3",50,57
"a23ae40d7a9e4ee4828cc06415a3218c","MITxPRO+LASERxB1+1T2019","html",27,"41ad78dff2594088a4eb8b6b7ce406f3","45117ed48057482ba7b2a5058a0fc21f","f631dacfff1f4a9aab110391153f08e5",17,42
"afbf7250b99d47bea07172749483ca97","MITxPRO+LASERxB1+1T2019","html",28,"41ad78dff2594088a4eb8b6b7ce406f3","de22467102264b329f7bf1cc7c255958","1cf89ff8aa624ec480ad7c89d560070f",226,879
"4e51676dc72045d99c19b9fa7b22f8bc","MITxPRO+LASERxB1+1T2019","html",29,"41ad78dff2594088a4eb8b6b7ce406f3","d33327f68f5d47a59dc0bcb58476a308","7b80d8ece9e34006aba4c83a08dcc759",223,1133
"78ff5a07ecb5453ca82361aabca7c5ba","MITxPRO+LASERxB1+1T2019","html",30,"41ad78dff2594088a4eb8b6b7ce406f3","d33327f68f5d47a59dc0bcb58476a308","7b80d8ece9e34006aba4c83a08dcc759",0,0
"51970cfa30e643e894e66ae85c8024cc","MITxPRO+LASERxB1+1T2019","html",31,"41ad78dff2594088a4eb8b6b7ce406f3","d33327f68f5d47a59dc0bcb58476a308","7c30c49008334f3d89f6d8f98db9053f",223,337
"c9c52446b6294aa5a9c2abaed536c37e","MITxPRO+LASERxB1+1T2019","html",32,"41ad78dff2594088a4eb8b6b7ce406f3","d33327f68f5d47a59dc0bcb58476a308","1e9d36ee44f34b1490599cac4351c943",37,51
"0c253dd0ca8e4fc3893a27d753757ef5","MITxPRO+LASERxB1+1T2019","html",33,"41ad78dff2594088a4eb8b6b7ce406f3","d33327f68f5d47a59dc0bcb58476a308","1e9d36ee44f34b1490599cac4351c943",0,0
"c33c17be71ae4d588da7369472e5bb1b","MITxPRO+LASERxB1+1T2019","html",34,"41ad78dff2594088a4eb8b6b7ce406f3","32616f24f209429aa74bcbd306f9594c","d162c5574f91400b85159890dcbfdd3a",224,824
"93679be414554a11b1893002f2229a93","MITxPRO+LASERxB1+1T2019","html",35,"41ad78dff2594088a4eb8b6b7ce406f3","4a30852379b64421a0e98cd0e7118cb4","9e3894f4bded4babb231aa293d8a63d8",222,724
"7040a13096d746ac84b8fac8d9752058","MITxPRO+LASERxB1+1T2019","html",36,"41ad78dff2594088a4eb8b6b7ce406f3","998f9bac3a954e3798b4a2c2e5feeb53","a96d7def248946c08c8be95663a38b2b",223,719
"9a0dc646f934470daf08c4b56ccf73db","MITxPRO+LASERxB1+1T2019","html",37,"41ad78dff2594088a4eb8b6b7ce406f3","88e7231ab5574ddf85d1db2efc79a807","5df9eef866334435bee4b97572d48f26",222,739
"fc0e049d56024bc9a02c9a9c435c3df7","MITxPRO+LASERxB1+1T2019","html",38,"41ad78dff2594088a4eb8b6b7ce406f3","9c3abf77edcc4038ace4d6b932aff686","d87f750663f640729312e288ff7b54ee",222,873
"67a089198fcb4e1c8f2385786c2b296f","MITxPRO+LASERxB1+1T2019","html",39,"b81f7ccf60e1421ba61ca2e20972139d","78bfd0b27639460682cba6b86208d978","2e2e33f9242b477099e2f21b48c014c2",235,1956
"64d48c6c9c7940639a932219a6c87198","MITxPRO+LASERxB1+1T2019","video",40,"b81f7ccf60e1421ba61ca2e20972139d","78bfd0b27639460682cba6b86208d978","2e2e33f9242b477099e2f21b48c014c2",231,1320
"b534b89233134e30a9b5645138bfa9ee","MITxPRO+LASERxB1+1T2019","html",41,"b81f7ccf60e1421ba61ca2e20972139d","d968714ed24b4b5ab85fcc769d1f6ce6","340f082ff1cd4b59a7e77408e8a0c37f",230,1648
"fc5d3a81023c41d8ab70b19d4c5c50eb","MITxPRO+LASERxB1+1T2019","html",42,"b81f7ccf60e1421ba61ca2e20972139d","d968714ed24b4b5ab85fcc769d1f6ce6","340f082ff1cd4b59a7e77408e8a0c37f",3,3
"296fbfa7fce5408484f55d759d80d7b7","MITxPRO+LASERxB1+1T2019","html",43,"b81f7ccf60e1421ba61ca2e20972139d","d968714ed24b4b5ab85fcc769d1f6ce6","340f082ff1cd4b59a7e77408e8a0c37f",1,4
"0e37b720d23b4e7f8b313e79313fd107","MITxPRO+LASERxB1+1T2019","problem",44,"b81f7ccf60e1421ba61ca2e20972139d","d968714ed24b4b5ab85fcc769d1f6ce6","340f082ff1cd4b59a7e77408e8a0c37f",228,613
"6875d67fdd5f48168b62719df449bebd","MITxPRO+LASERxB1+1T2019","problem",45,"b81f7ccf60e1421ba61ca2e20972139d","d968714ed24b4b5ab85fcc769d1f6ce6","340f082ff1cd4b59a7e77408e8a0c37f",228,547
"d9c8d8c444a64dadbbb508652c721e17","MITxPRO+LASERxB1+1T2019","html",46,"b81f7ccf60e1421ba61ca2e20972139d","d968714ed24b4b5ab85fcc769d1f6ce6","a763dd7c518840da9721ff08918c41e9",227,555
"6e13d61a7bdb44bca949c9f86fab3be5","MITxPRO+LASERxB1+1T2019","video",47,"b81f7ccf60e1421ba61ca2e20972139d","d968714ed24b4b5ab85fcc769d1f6ce6","a763dd7c518840da9721ff08918c41e9",228,1358
"7ddaf94446db4e3d8f70d0ed3883700d","MITxPRO+LASERxB1+1T2019","html",48,"b81f7ccf60e1421ba61ca2e20972139d","d968714ed24b4b5ab85fcc769d1f6ce6","a763dd7c518840da9721ff08918c41e9",0,0
"195f78799f984cc2b06c48dfe36be751","MITxPRO+LASERxB1+1T2019","problem",49,"b81f7ccf60e1421ba61ca2e20972139d","d968714ed24b4b5ab85fcc769d1f6ce6","a763dd7c518840da9721ff08918c41e9",224,806
"f924752d8a1149668870b1e7698486f7","MITxPRO+LASERxB1+1T2019","html",50,"b81f7ccf60e1421ba61ca2e20972139d","d968714ed24b4b5ab85fcc769d1f6ce6","c83958cdf0b74333adc5dbe75c2d53a1",226,493
"d0c74f735e024943943e40333d6d337f","MITxPRO+LASERxB1+1T2019","video",51,"b81f7ccf60e1421ba61ca2e20972139d","d968714ed24b4b5ab85fcc769d1f6ce6","c83958cdf0b74333adc5dbe75c2d53a1",228,955
"2b160a91c44d44c89ba74b6b07b25629","MITxPRO+LASERxB1+1T2019","html",52,"b81f7ccf60e1421ba61ca2e20972139d","d968714ed24b4b5ab85fcc769d1f6ce6","c83958cdf0b74333adc5dbe75c2d53a1",0,0
"983f8ff320594b279a7f4a6fe132f9c5","MITxPRO+LASERxB1+1T2019","problem",53,"b81f7ccf60e1421ba61ca2e20972139d","d968714ed24b4b5ab85fcc769d1f6ce6","c83958cdf0b74333adc5dbe75c2d53a1",222,820
"35adfa5d923046aebabfefd98f35ff05","MITxPRO+LASERxB1+1T2019","problem",54,"b81f7ccf60e1421ba61ca2e20972139d","d968714ed24b4b5ab85fcc769d1f6ce6","c83958cdf0b74333adc5dbe75c2d53a1",222,1184
"b6f8a98476224da1b40e555ececc7ed8","MITxPRO+LASERxB1+1T2019","problem",55,"b81f7ccf60e1421ba61ca2e20972139d","d968714ed24b4b5ab85fcc769d1f6ce6","c83958cdf0b74333adc5dbe75c2d53a1",222,803
"86e22cb5fe0e4b47a9489ecddf7ed78f","MITxPRO+LASERxB1+1T2019","problem",56,"b81f7ccf60e1421ba61ca2e20972139d","d968714ed24b4b5ab85fcc769d1f6ce6","c83958cdf0b74333adc5dbe75c2d53a1",222,731
"12aa6e1672ac4e7aa6449a7a8609cd72","MITxPRO+LASERxB1+1T2019","html",57,"b81f7ccf60e1421ba61ca2e20972139d","d968714ed24b4b5ab85fcc769d1f6ce6","84d637b6dbfa41df991a293fb34f694c",226,432
"a1f2f12debe5432fb7a70bcd12bacfb9","MITxPRO+LASERxB1+1T2019","drag-and-drop-v2",58,"b81f7ccf60e1421ba61ca2e20972139d","d968714ed24b4b5ab85fcc769d1f6ce6","84d637b6dbfa41df991a293fb34f694c",228,5241
"78f30e4dcac84e3cbea8b2cc6e0d62b3","MITxPRO+LASERxB1+1T2019","drag-and-drop-v2",59,"b81f7ccf60e1421ba61ca2e20972139d","d968714ed24b4b5ab85fcc769d1f6ce6","84d637b6dbfa41df991a293fb34f694c",228,3306
"309ccf3cc4fe429d9bfbaef53d3fa479","MITxPRO+LASERxB1+1T2019","html",60,"b81f7ccf60e1421ba61ca2e20972139d","d968714ed24b4b5ab85fcc769d1f6ce6","a5181f313e474050b977b4267b1a7ee1",225,391
"4c943503763e4e349906eea3ed3c8e86","MITxPRO+LASERxB1+1T2019","problem",61,"b81f7ccf60e1421ba61ca2e20972139d","d968714ed24b4b5ab85fcc769d1f6ce6","a5181f313e474050b977b4267b1a7ee1",222,498
"bee9f506f4a845b0bc68b6b1caee58a2","MITxPRO+LASERxB1+1T2019","html",62,"b81f7ccf60e1421ba61ca2e20972139d","d968714ed24b4b5ab85fcc769d1f6ce6","a5181f313e474050b977b4267b1a7ee1",0,0
"bc42d26810654ea9a1df1efe1e58c7d5","MITxPRO+LASERxB1+1T2019","survey",63,"b81f7ccf60e1421ba61ca2e20972139d","d968714ed24b4b5ab85fcc769d1f6ce6","a5181f313e474050b977b4267b1a7ee1",227,1260
"a0a418b8540d479fa6e0f653b701da8b","MITxPRO+LASERxB1+1T2019","survey",64,"b81f7ccf60e1421ba61ca2e20972139d","d968714ed24b4b5ab85fcc769d1f6ce6","a5181f313e474050b977b4267b1a7ee1",227,1211
"7af822066add4e7f8e007e4eee31a8bf","MITxPRO+LASERxB1+1T2019","html",65,"b81f7ccf60e1421ba61ca2e20972139d","d968714ed24b4b5ab85fcc769d1f6ce6","61a95fecc3cf4a08a3414e9110675930",47,78
"0c9dea3b3a84482fbc9ce8487ef5ae94","MITxPRO+LASERxB1+1T2019","html",66,"b81f7ccf60e1421ba61ca2e20972139d","d968714ed24b4b5ab85fcc769d1f6ce6","61a95fecc3cf4a08a3414e9110675930",0,0
"d646286c8051419bbc2e31dd1db55ca8","MITxPRO+LASERxB1+1T2019","html",67,"b81f7ccf60e1421ba61ca2e20972139d","13a6d46e04284ad1868e9a712f50d31f","f50aa76a62194ee6be33edffff6d3028",224,1509
"5ae019b6b8404464a9b33b495b971f1d","MITxPRO+LASERxB1+1T2019","html",68,"b81f7ccf60e1421ba61ca2e20972139d","13a6d46e04284ad1868e9a712f50d31f","f50aa76a62194ee6be33edffff6d3028",0,0
"b78502985aa44be295c7f910dbf6d461","MITxPRO+LASERxB1+1T2019","html",69,"b81f7ccf60e1421ba61ca2e20972139d","13a6d46e04284ad1868e9a712f50d31f","f50aa76a62194ee6be33edffff6d3028",1,2
"12c07ec131f6403eaff4fe6e306f3630","MITxPRO+LASERxB1+1T2019","html",70,"b81f7ccf60e1421ba61ca2e20972139d","13a6d46e04284ad1868e9a712f50d31f","f50aa76a62194ee6be33edffff6d3028",0,0
"267f883678b24aed855fde42524975d9","MITxPRO+LASERxB1+1T2019","problem",71,"b81f7ccf60e1421ba61ca2e20972139d","13a6d46e04284ad1868e9a712f50d31f","f50aa76a62194ee6be33edffff6d3028",221,511
"88fff56d0342490dbef9040750a20f6c","MITxPRO+LASERxB1+1T2019","problem",72,"b81f7ccf60e1421ba61ca2e20972139d","13a6d46e04284ad1868e9a712f50d31f","f50aa76a62194ee6be33edffff6d3028",221,479
"adb17b12b66c4a49a85fd34322f7df70","MITxPRO+LASERxB1+1T2019","problem",73,"b81f7ccf60e1421ba61ca2e20972139d","13a6d46e04284ad1868e9a712f50d31f","f50aa76a62194ee6be33edffff6d3028",221,476
"140d5b27b8574befad82c0a013b59dfa","MITxPRO+LASERxB1+1T2019","html",74,"b81f7ccf60e1421ba61ca2e20972139d","13a6d46e04284ad1868e9a712f50d31f","a481c1cc64eb4c3a818c2d51992f3aba",222,408
"a2becd407db34b189200a32546d9d569","MITxPRO+LASERxB1+1T2019","video",75,"b81f7ccf60e1421ba61ca2e20972139d","13a6d46e04284ad1868e9a712f50d31f","a481c1cc64eb4c3a818c2d51992f3aba",221,1175
"190fc0dbe34c41668fe10597f5802ed4","MITxPRO+LASERxB1+1T2019","html",76,"b81f7ccf60e1421ba61ca2e20972139d","13a6d46e04284ad1868e9a712f50d31f","a481c1cc64eb4c3a818c2d51992f3aba",1,2
"58c22b011d0f4c2ea6d13615edbb9eeb","MITxPRO+LASERxB1+1T2019","problem",77,"b81f7ccf60e1421ba61ca2e20972139d","13a6d46e04284ad1868e9a712f50d31f","a481c1cc64eb4c3a818c2d51992f3aba",221,1191
"dd76e1861dc9461c830888729d091ee0","MITxPRO+LASERxB1+1T2019","problem",78,"b81f7ccf60e1421ba61ca2e20972139d","13a6d46e04284ad1868e9a712f50d31f","a481c1cc64eb4c3a818c2d51992f3aba",221,1465
"cd1d828f1a694b87913a7ea66c23803e","MITxPRO+LASERxB1+1T2019","problem",79,"b81f7ccf60e1421ba61ca2e20972139d","13a6d46e04284ad1868e9a712f50d31f","a481c1cc64eb4c3a818c2d51992f3aba",221,826
"9176a3c2b4d2465fa8b0c67096c2a97e","MITxPRO+LASERxB1+1T2019","problem",80,"b81f7ccf60e1421ba61ca2e20972139d","13a6d46e04284ad1868e9a712f50d31f","a481c1cc64eb4c3a818c2d51992f3aba",219,1810
"f8ec6445f7194e25b9101d4fbcb07a18","MITxPRO+LASERxB1+1T2019","problem",81,"b81f7ccf60e1421ba61ca2e20972139d","13a6d46e04284ad1868e9a712f50d31f","a481c1cc64eb4c3a818c2d51992f3aba",219,759
"d18a9ea32855445f8736581f5cb119ce","MITxPRO+LASERxB1+1T2019","html",82,"b81f7ccf60e1421ba61ca2e20972139d","13a6d46e04284ad1868e9a712f50d31f","b195e97bfb234a14a0f41b31a5f06e1b",219,413
"38376f961ebc414db8f3b8f244f6d5ed","MITxPRO+LASERxB1+1T2019","html",83,"b81f7ccf60e1421ba61ca2e20972139d","13a6d46e04284ad1868e9a712f50d31f","b195e97bfb234a14a0f41b31a5f06e1b",1,2
"ae5ac430ea254e708a6f5deaaf7464ae","MITxPRO+LASERxB1+1T2019","html",84,"b81f7ccf60e1421ba61ca2e20972139d","13a6d46e04284ad1868e9a712f50d31f","03160005cdd149338e3ac1904327428b",222,433
"f564483cbd7a407681aa2fcca518cf5f","MITxPRO+LASERxB1+1T2019","problem",85,"b81f7ccf60e1421ba61ca2e20972139d","13a6d46e04284ad1868e9a712f50d31f","03160005cdd149338e3ac1904327428b",221,926
"18fd01350bd5434ca636d59a599d768a","MITxPRO+LASERxB1+1T2019","problem",86,"b81f7ccf60e1421ba61ca2e20972139d","13a6d46e04284ad1868e9a712f50d31f","03160005cdd149338e3ac1904327428b",221,2017
"42fb58708eaf4e5daa82bfca61b6f5fd","MITxPRO+LASERxB1+1T2019","html",87,"b81f7ccf60e1421ba61ca2e20972139d","13a6d46e04284ad1868e9a712f50d31f","ad3c80c985c346ba904bf967eed89cd3",44,63
"c681290961c94c4caf23b529d1ae6b9a","MITxPRO+LASERxB1+1T2019","problem",88,"b81f7ccf60e1421ba61ca2e20972139d","13a6d46e04284ad1868e9a712f50d31f","ad3c80c985c346ba904bf967eed89cd3",218,488
"515683b5ec554c5b816324fc98691834","MITxPRO+LASERxB1+1T2019","html",89,"b81f7ccf60e1421ba61ca2e20972139d","13a6d46e04284ad1868e9a712f50d31f","ad3c80c985c346ba904bf967eed89cd3",0,0
"6a9f0ef185fb47f0937e29daa1c71ed5","MITxPRO+LASERxB1+1T2019","poll",90,"b81f7ccf60e1421ba61ca2e20972139d","13a6d46e04284ad1868e9a712f50d31f","ad3c80c985c346ba904bf967eed89cd3",222,1599
"e20db35ced8544ddac5bc3839145e463","MITxPRO+LASERxB1+1T2019","html",91,"b81f7ccf60e1421ba61ca2e20972139d","21fc759637e1466db912e244c8832da2","3bbed7cdac9b47ea8630449229f15858",222,1932
"c2a008e1e5ca4287bd8ecea2932360aa","MITxPRO+LASERxB1+1T2019","html",92,"b81f7ccf60e1421ba61ca2e20972139d","21fc759637e1466db912e244c8832da2","3bbed7cdac9b47ea8630449229f15858",1,2
"231c15562ab8497daeb55e56acf3b35c","MITxPRO+LASERxB1+1T2019","html",93,"b81f7ccf60e1421ba61ca2e20972139d","21fc759637e1466db912e244c8832da2","3bbed7cdac9b47ea8630449229f15858",4,10
"1febb706d7a34005ae8711ed49c76e64","MITxPRO+LASERxB1+1T2019","problem",94,"b81f7ccf60e1421ba61ca2e20972139d","21fc759637e1466db912e244c8832da2","3bbed7cdac9b47ea8630449229f15858",218,808
"8f73ba6f5a0042f2850356ac38ac6f24","MITxPRO+LASERxB1+1T2019","problem",95,"b81f7ccf60e1421ba61ca2e20972139d","21fc759637e1466db912e244c8832da2","3bbed7cdac9b47ea8630449229f15858",217,1293
"e2260b86653c46d7b14a41fb419dbf8c","MITxPRO+LASERxB1+1T2019","problem",96,"b81f7ccf60e1421ba61ca2e20972139d","21fc759637e1466db912e244c8832da2","3bbed7cdac9b47ea8630449229f15858",217,714
"35eb641ad1d845bbba54915bce75a962","MITxPRO+LASERxB1+1T2019","problem",97,"b81f7ccf60e1421ba61ca2e20972139d","21fc759637e1466db912e244c8832da2","3bbed7cdac9b47ea8630449229f15858",216,1097
"08be90ffbeea4795a138cd42ed8db56f","MITxPRO+LASERxB1+1T2019","problem",98,"b81f7ccf60e1421ba61ca2e20972139d","21fc759637e1466db912e244c8832da2","3bbed7cdac9b47ea8630449229f15858",218,1252
"3007433c8f584dcbb5ac159c1c5f2be3","MITxPRO+LASERxB1+1T2019","problem",99,"b81f7ccf60e1421ba61ca2e20972139d","21fc759637e1466db912e244c8832da2","3bbed7cdac9b47ea8630449229f15858",217,1143
"73039f8c1eb9409cb4caee2cf968001e","MITxPRO+LASERxB1+1T2019","html",100,"b81f7ccf60e1421ba61ca2e20972139d","21fc759637e1466db912e244c8832da2","1a97794afb4c441ebbeed937021d2148",221,518
"00ae5f0c51874a73a41ebea838d95682","MITxPRO+LASERxB1+1T2019","video",101,"b81f7ccf60e1421ba61ca2e20972139d","21fc759637e1466db912e244c8832da2","1a97794afb4c441ebbeed937021d2148",220,1165
"b38af1a65bd14ea886d608e701505bcf","MITxPRO+LASERxB1+1T2019","html",102,"b81f7ccf60e1421ba61ca2e20972139d","21fc759637e1466db912e244c8832da2","1a97794afb4c441ebbeed937021d2148",3,6
"d391c8b6e56a43a7b654e9dee02d904b","MITxPRO+LASERxB1+1T2019","drag-and-drop-v2",103,"b81f7ccf60e1421ba61ca2e20972139d","21fc759637e1466db912e244c8832da2","1a97794afb4c441ebbeed937021d2148",221,4639
"6111116566fc4fd9abba409322bea245","MITxPRO+LASERxB1+1T2019","problem",104,"b81f7ccf60e1421ba61ca2e20972139d","21fc759637e1466db912e244c8832da2","1a97794afb4c441ebbeed937021d2148",216,752
"a81b2235cb9c499eb9ea8ee0a8dd9725","MITxPRO+LASERxB1+1T2019","problem",105,"b81f7ccf60e1421ba61ca2e20972139d","21fc759637e1466db912e244c8832da2","1a97794afb4c441ebbeed937021d2148",216,951
"2d4e0ab0ef3b4d73b82c72d4621a7579","MITxPRO+LASERxB1+1T2019","problem",106,"b81f7ccf60e1421ba61ca2e20972139d","21fc759637e1466db912e244c8832da2","1a97794afb4c441ebbeed937021d2148",217,705
"8bdebf492ebd4e62b0d522e8ab5e5197","MITxPRO+LASERxB1+1T2019","problem",107,"b81f7ccf60e1421ba61ca2e20972139d","21fc759637e1466db912e244c8832da2","1a97794afb4c441ebbeed937021d2148",217,794
"08111f75e22d409998cf8b85bd431f0a","MITxPRO+LASERxB1+1T2019","html",108,"b81f7ccf60e1421ba61ca2e20972139d","21fc759637e1466db912e244c8832da2","741f20479afd4861b508ea6c1277eaf1",221,496
"4280927ec4d643238aa49c32f9e06c6c","MITxPRO+LASERxB1+1T2019","video",109,"b81f7ccf60e1421ba61ca2e20972139d","21fc759637e1466db912e244c8832da2","741f20479afd4861b508ea6c1277eaf1",220,895
"6e1c7c431db64442b1a7ca15b87a61bd","MITxPRO+LASERxB1+1T2019","html",110,"b81f7ccf60e1421ba61ca2e20972139d","21fc759637e1466db912e244c8832da2","741f20479afd4861b508ea6c1277eaf1",1,2
"fc44e6a5f7654430af1227838224dceb","MITxPRO+LASERxB1+1T2019","problem",111,"b81f7ccf60e1421ba61ca2e20972139d","21fc759637e1466db912e244c8832da2","741f20479afd4861b508ea6c1277eaf1",215,940
"37319e88176d4aefa91d7a9980dbae91","MITxPRO+LASERxB1+1T2019","html",112,"b81f7ccf60e1421ba61ca2e20972139d","21fc759637e1466db912e244c8832da2","e766c290004247218b5c53ae45a56e97",218,492
"9f83d4de28e64c5b81825f4e58892ac7","MITxPRO+LASERxB1+1T2019","html",113,"b81f7ccf60e1421ba61ca2e20972139d","21fc759637e1466db912e244c8832da2","e766c290004247218b5c53ae45a56e97",0,0
"a9ae0a3c070d455bb4369a8996313336","MITxPRO+LASERxB1+1T2019","video",114,"b81f7ccf60e1421ba61ca2e20972139d","21fc759637e1466db912e244c8832da2","e766c290004247218b5c53ae45a56e97",218,1034
"f3c44bf91f85487caa6400dfe774e63b","MITxPRO+LASERxB1+1T2019","html",115,"b81f7ccf60e1421ba61ca2e20972139d","21fc759637e1466db912e244c8832da2","e766c290004247218b5c53ae45a56e97",1,2
"71cec822bcff4f30a20e75dc63ef7b65","MITxPRO+LASERxB1+1T2019","problem",116,"b81f7ccf60e1421ba61ca2e20972139d","21fc759637e1466db912e244c8832da2","e766c290004247218b5c53ae45a56e97",217,749
"3ec3a3563847406fa73338f9e9999cf3","MITxPRO+LASERxB1+1T2019","html",117,"b81f7ccf60e1421ba61ca2e20972139d","21fc759637e1466db912e244c8832da2","fd587aacd8ad43159830fa62d4ad9720",82,152
"b1cd0e7dc3ad4a8eb91a4bfdbeb025b0","MITxPRO+LASERxB1+1T2019","problem",118,"b81f7ccf60e1421ba61ca2e20972139d","21fc759637e1466db912e244c8832da2","fd587aacd8ad43159830fa62d4ad9720",214,498
"1b532c6a5d0c48ba8cfa09591141b4df","MITxPRO+LASERxB1+1T2019","html",119,"b81f7ccf60e1421ba61ca2e20972139d","21fc759637e1466db912e244c8832da2","fd587aacd8ad43159830fa62d4ad9720",2,4
"62bff51286ef4f348717a3cf6fe2318f","MITxPRO+LASERxB1+1T2019","poll",120,"b81f7ccf60e1421ba61ca2e20972139d","21fc759637e1466db912e244c8832da2","fd587aacd8ad43159830fa62d4ad9720",220,1673
"779f9ddd1fd14d1e9e69f72219a1fdbd","MITxPRO+LASERxB1+1T2019","html",121,"b81f7ccf60e1421ba61ca2e20972139d","abe74ec2e7c647899e3548d9d3eac089","3ab0ffa722c841cc912a212b01a6cda3",219,1374
"b37e701092c444e8a0009767edc5f622","MITxPRO+LASERxB1+1T2019","html",122,"b81f7ccf60e1421ba61ca2e20972139d","abe74ec2e7c647899e3548d9d3eac089","3ab0ffa722c841cc912a212b01a6cda3",4,6
"bd7c391260c74863ad031cabd6ae5cbb","MITxPRO+LASERxB1+1T2019","html",123,"b81f7ccf60e1421ba61ca2e20972139d","abe74ec2e7c647899e3548d9d3eac089","3ab0ffa722c841cc912a212b01a6cda3",2,5
"386a0044b3b843cc96cfd11f7f889fda","MITxPRO+LASERxB1+1T2019","html",124,"b81f7ccf60e1421ba61ca2e20972139d","abe74ec2e7c647899e3548d9d3eac089","3ab0ffa722c841cc912a212b01a6cda3",1,2
"ae26e6cda8ad4a3f81bd347560d9579f","MITxPRO+LASERxB1+1T2019","problem",125,"b81f7ccf60e1421ba61ca2e20972139d","abe74ec2e7c647899e3548d9d3eac089","3ab0ffa722c841cc912a212b01a6cda3",212,632
"ee48df95832b4374aa273ceb27ec1315","MITxPRO+LASERxB1+1T2019","problem",126,"b81f7ccf60e1421ba61ca2e20972139d","abe74ec2e7c647899e3548d9d3eac089","3ab0ffa722c841cc912a212b01a6cda3",211,485
"7a439da90b394756ad1777fc4c6dead5","MITxPRO+LASERxB1+1T2019","problem",127,"b81f7ccf60e1421ba61ca2e20972139d","abe74ec2e7c647899e3548d9d3eac089","3ab0ffa722c841cc912a212b01a6cda3",212,494
"579338175e0b4bbb8ef3b712b5d8b54e","MITxPRO+LASERxB1+1T2019","html",128,"b81f7ccf60e1421ba61ca2e20972139d","abe74ec2e7c647899e3548d9d3eac089","acbc6cb0823444bcb63659fef81c230c",216,360
"a8dd5213034441ac92724b4e83eb0bb2","MITxPRO+LASERxB1+1T2019","video",129,"b81f7ccf60e1421ba61ca2e20972139d","abe74ec2e7c647899e3548d9d3eac089","acbc6cb0823444bcb63659fef81c230c",217,801
"1e7836a9d0494f13b156aa0cc1135796","MITxPRO+LASERxB1+1T2019","html",130,"b81f7ccf60e1421ba61ca2e20972139d","abe74ec2e7c647899e3548d9d3eac089","acbc6cb0823444bcb63659fef81c230c",0,0
"8115eab6556b45f5b415c3b8c26a12e5","MITxPRO+LASERxB1+1T2019","problem",131,"b81f7ccf60e1421ba61ca2e20972139d","abe74ec2e7c647899e3548d9d3eac089","acbc6cb0823444bcb63659fef81c230c",211,817
"ec34b06efd844b46a4c4818ecdb9b8f4","MITxPRO+LASERxB1+1T2019","problem",132,"b81f7ccf60e1421ba61ca2e20972139d","abe74ec2e7c647899e3548d9d3eac089","acbc6cb0823444bcb63659fef81c230c",211,931
"c2e1c2b9eac64109b343a088584b576b","MITxPRO+LASERxB1+1T2019","problem",133,"b81f7ccf60e1421ba61ca2e20972139d","abe74ec2e7c647899e3548d9d3eac089","acbc6cb0823444bcb63659fef81c230c",210,725
"b416d47c56a742199b5d7c7f19d6503a","MITxPRO+LASERxB1+1T2019","html",134,"b81f7ccf60e1421ba61ca2e20972139d","abe74ec2e7c647899e3548d9d3eac089","34c6d386b3724772b46bf7a73146d193",216,358
"8bc5795d6a984a3eace4e2811e52dd4f","MITxPRO+LASERxB1+1T2019","problem",135,"b81f7ccf60e1421ba61ca2e20972139d","abe74ec2e7c647899e3548d9d3eac089","34c6d386b3724772b46bf7a73146d193",213,579
"f661500307d74c908e9207d949ceb4aa","MITxPRO+LASERxB1+1T2019","html",136,"b81f7ccf60e1421ba61ca2e20972139d","abe74ec2e7c647899e3548d9d3eac089","73f48c63ee0f49eb9c56298f88cd5434",41,68
"cd4532ad48034873ba8bce2aac0c9808","MITxPRO+LASERxB1+1T2019","problem",137,"b81f7ccf60e1421ba61ca2e20972139d","abe74ec2e7c647899e3548d9d3eac089","73f48c63ee0f49eb9c56298f88cd5434",213,506
"e449fc6047844f2eb8caee5c269d5c1c","MITxPRO+LASERxB1+1T2019","html",138,"b81f7ccf60e1421ba61ca2e20972139d","abe74ec2e7c647899e3548d9d3eac089","73f48c63ee0f49eb9c56298f88cd5434",2,4
"df1de691dafe4549a18a4398ee9dfaf9","MITxPRO+LASERxB1+1T2019","html",139,"b81f7ccf60e1421ba61ca2e20972139d","a6ad99b516c14bfdbcc253783e519fb1","aeac15cfcbf446d3a85ccd6614aba5c5",217,1364
"e9312892f6234d46afcb2e1369d2d4ed","MITxPRO+LASERxB1+1T2019","html",140,"b81f7ccf60e1421ba61ca2e20972139d","a6ad99b516c14bfdbcc253783e519fb1","aeac15cfcbf446d3a85ccd6614aba5c5",3,6
"7570bc806234456aa66b290fb5c10af2","MITxPRO+LASERxB1+1T2019","html",141,"b81f7ccf60e1421ba61ca2e20972139d","a6ad99b516c14bfdbcc253783e519fb1","aeac15cfcbf446d3a85ccd6614aba5c5",1,2
"5fb9ca36a17e4e5aafb629116db68537","MITxPRO+LASERxB1+1T2019","html",142,"b81f7ccf60e1421ba61ca2e20972139d","a6ad99b516c14bfdbcc253783e519fb1","aeac15cfcbf446d3a85ccd6614aba5c5",0,0
"6c5ad271a44743479bfaea29b1db8d02","MITxPRO+LASERxB1+1T2019","video",143,"b81f7ccf60e1421ba61ca2e20972139d","a6ad99b516c14bfdbcc253783e519fb1","aeac15cfcbf446d3a85ccd6614aba5c5",214,797
"83d311bed5374fee83d8d67a7d9d82dc","MITxPRO+LASERxB1+1T2019","problem",144,"b81f7ccf60e1421ba61ca2e20972139d","a6ad99b516c14bfdbcc253783e519fb1","aeac15cfcbf446d3a85ccd6614aba5c5",209,528
"402bba41861d43acb52a5abb89e8831e","MITxPRO+LASERxB1+1T2019","problem",145,"b81f7ccf60e1421ba61ca2e20972139d","a6ad99b516c14bfdbcc253783e519fb1","aeac15cfcbf446d3a85ccd6614aba5c5",210,738
"f902b0f41b544d4dbf79664fd233648d","MITxPRO+LASERxB1+1T2019","html",146,"b81f7ccf60e1421ba61ca2e20972139d","a6ad99b516c14bfdbcc253783e519fb1","2de7c5f9822e4132bfa6b3d2614fda48",214,401
"8aae34f5ddbb4052a709b12e6b0d40fa","MITxPRO+LASERxB1+1T2019","video",147,"b81f7ccf60e1421ba61ca2e20972139d","a6ad99b516c14bfdbcc253783e519fb1","2de7c5f9822e4132bfa6b3d2614fda48",215,921
"6cb6ef2fb4224f9f94891094577870fd","MITxPRO+LASERxB1+1T2019","html",148,"b81f7ccf60e1421ba61ca2e20972139d","a6ad99b516c14bfdbcc253783e519fb1","2de7c5f9822e4132bfa6b3d2614fda48",4,8
"645b3f0249f64f76af2e19eb4d0e55b7","MITxPRO+LASERxB1+1T2019","problem",149,"b81f7ccf60e1421ba61ca2e20972139d","a6ad99b516c14bfdbcc253783e519fb1","2de7c5f9822e4132bfa6b3d2614fda48",207,1080
"7e7b8db5064d4369805ab370aac5ddfb","MITxPRO+LASERxB1+1T2019","problem",150,"b81f7ccf60e1421ba61ca2e20972139d","a6ad99b516c14bfdbcc253783e519fb1","2de7c5f9822e4132bfa6b3d2614fda48",207,874
"8956d210ae7f41968fada86d4c979d6a","MITxPRO+LASERxB1+1T2019","problem",151,"b81f7ccf60e1421ba61ca2e20972139d","a6ad99b516c14bfdbcc253783e519fb1","2de7c5f9822e4132bfa6b3d2614fda48",207,686
"f03480cf4eba413194d7af52fc0e7f28","MITxPRO+LASERxB1+1T2019","html",152,"b81f7ccf60e1421ba61ca2e20972139d","a6ad99b516c14bfdbcc253783e519fb1","35591dde96704ce39c31f2b5250770b5",215,364
"ae781e8b775e4ccd93bc800dad5c8376","MITxPRO+LASERxB1+1T2019","problem",153,"b81f7ccf60e1421ba61ca2e20972139d","a6ad99b516c14bfdbcc253783e519fb1","35591dde96704ce39c31f2b5250770b5",213,778
"06882a8492d9499aa31555567f575ecb","MITxPRO+LASERxB1+1T2019","problem",154,"b81f7ccf60e1421ba61ca2e20972139d","a6ad99b516c14bfdbcc253783e519fb1","35591dde96704ce39c31f2b5250770b5",213,461
"f293c508f409466a8f27ddd7d1e40b20","MITxPRO+LASERxB1+1T2019","problem",155,"b81f7ccf60e1421ba61ca2e20972139d","a6ad99b516c14bfdbcc253783e519fb1","35591dde96704ce39c31f2b5250770b5",213,1030
"cc4ddef5bbbe48ebb605141b347c4ed1","MITxPRO+LASERxB1+1T2019","problem",156,"b81f7ccf60e1421ba61ca2e20972139d","a6ad99b516c14bfdbcc253783e519fb1","35591dde96704ce39c31f2b5250770b5",213,692
"f4ce60b4a944484082ccb701b48b3da1","MITxPRO+LASERxB1+1T2019","html",157,"b81f7ccf60e1421ba61ca2e20972139d","a6ad99b516c14bfdbcc253783e519fb1","a85d3499e3b041bdb32680d60a60971d",34,58
"d313cec988a84645bee413e8d4724a4b","MITxPRO+LASERxB1+1T2019","poll",158,"b81f7ccf60e1421ba61ca2e20972139d","a6ad99b516c14bfdbcc253783e519fb1","a85d3499e3b041bdb32680d60a60971d",216,1462
"dc60696c76a74368a60f72246e47700d","MITxPRO+LASERxB1+1T2019","problem",159,"b81f7ccf60e1421ba61ca2e20972139d","a6ad99b516c14bfdbcc253783e519fb1","a85d3499e3b041bdb32680d60a60971d",211,486
"78adeee1fa2c4fe0bc73f7bca9fcee86","MITxPRO+LASERxB1+1T2019","html",160,"b81f7ccf60e1421ba61ca2e20972139d","dd77d077177c46189c6635fd20f37376","c39d09c88eb54c5ca79cb21cf0118eb2",216,2217
"6fdb4db5d6dd41b296c156e9e31f6ae8","MITxPRO+LASERxB1+1T2019","html",161,"b81f7ccf60e1421ba61ca2e20972139d","dd77d077177c46189c6635fd20f37376","c39d09c88eb54c5ca79cb21cf0118eb2",0,0
"f8c6e9dd315640039488619b16128971","MITxPRO+LASERxB1+1T2019","html",162,"b81f7ccf60e1421ba61ca2e20972139d","dd77d077177c46189c6635fd20f37376","c39d09c88eb54c5ca79cb21cf0118eb2",8,23
"8959e6304a0348309a771e4d08d1b64a","MITxPRO+LASERxB1+1T2019","html",163,"b81f7ccf60e1421ba61ca2e20972139d","dd77d077177c46189c6635fd20f37376","486334b2ebb54e6e9e7941cceaf145c3",118,223
"65202579580f4ad38d734b4ee39d22a8","MITxPRO+LASERxB1+1T2019","openassessment",164,"b81f7ccf60e1421ba61ca2e20972139d","dd77d077177c46189c6635fd20f37376","486334b2ebb54e6e9e7941cceaf145c3",215,16492
"3cbcea2be0984e7dbd5a48195af10ce7","MITxPRO+LASERxB1+1T2019","html",165,"b81f7ccf60e1421ba61ca2e20972139d","c7d994123d7a4329a91cfac73bb5bca3","53b6ef01a3dc43ac9a18f53597897d2a",211,1153
"26836bccf4174cc5af819c2e237f9300","MITxPRO+LASERxB1+1T2019","html",166,"b81f7ccf60e1421ba61ca2e20972139d","c7d994123d7a4329a91cfac73bb5bca3","53b6ef01a3dc43ac9a18f53597897d2a",2,10
"82e6285962b8400d9d6fc32436022a94","MITxPRO+LASERxB1+1T2019","lti_consumer",167,"b81f7ccf60e1421ba61ca2e20972139d","c7d994123d7a4329a91cfac73bb5bca3","53b6ef01a3dc43ac9a18f53597897d2a",211,685
"a9ac840f098c4bd0a2ee896214ce29cd","MITxPRO+LASERxB1+1T2019","html",168,"b81f7ccf60e1421ba61ca2e20972139d","20d96cb21c08458b892d8084467fd300","521096cc5b164f278089cbd1d2a41108",208,940
"0c7262dff33c4087bc660ccf40f92f9c","MITxPRO+LASERxB1+1T2019","html",169,"166a328362d44926a0d59a78b692cd9b","1b49dc15dcaf44b8a50f44881a891bf3","e99731a1a7a54f1fbc7f668e6393ced5",218,2301
"1202ed221196417faa16c4348aed3971","MITxPRO+LASERxB1+1T2019","html",170,"166a328362d44926a0d59a78b692cd9b","1b49dc15dcaf44b8a50f44881a891bf3","e99731a1a7a54f1fbc7f668e6393ced5",1,2
"416cdfda278442dd9bcb1046bd1bf0ec","MITxPRO+LASERxB1+1T2019","html",171,"166a328362d44926a0d59a78b692cd9b","1b49dc15dcaf44b8a50f44881a891bf3","e99731a1a7a54f1fbc7f668e6393ced5",3,6
"b2275c3fad834f8d90737a2d9a6927d6","MITxPRO+LASERxB1+1T2019","drag-and-drop-v2",172,"166a328362d44926a0d59a78b692cd9b","1b49dc15dcaf44b8a50f44881a891bf3","e99731a1a7a54f1fbc7f668e6393ced5",216,6907
"eb515a26030b41f8a82a1e6114420bad","MITxPRO+LASERxB1+1T2019","problem",173,"166a328362d44926a0d59a78b692cd9b","1b49dc15dcaf44b8a50f44881a891bf3","e99731a1a7a54f1fbc7f668e6393ced5",208,736
"362fcb0699a14845ab29b2340093e528","MITxPRO+LASERxB1+1T2019","html",174,"166a328362d44926a0d59a78b692cd9b","1b49dc15dcaf44b8a50f44881a891bf3","de77fb65309647eb8bcfeec8f3be1baf",209,398
"b42cc17b7de840f181a704558d0bc845","MITxPRO+LASERxB1+1T2019","video",175,"166a328362d44926a0d59a78b692cd9b","1b49dc15dcaf44b8a50f44881a891bf3","de77fb65309647eb8bcfeec8f3be1baf",208,1031
"93ebcbc0b45f4e73acd412264327a4f7","MITxPRO+LASERxB1+1T2019","html",176,"166a328362d44926a0d59a78b692cd9b","1b49dc15dcaf44b8a50f44881a891bf3","de77fb65309647eb8bcfeec8f3be1baf",0,0
"801f9e9135034f49bf5f8b4bdefedb41","MITxPRO+LASERxB1+1T2019","problem",177,"166a328362d44926a0d59a78b692cd9b","1b49dc15dcaf44b8a50f44881a891bf3","de77fb65309647eb8bcfeec8f3be1baf",203,1592
"139b097acfca451689d80c9c6eebdf7b","MITxPRO+LASERxB1+1T2019","html",178,"166a328362d44926a0d59a78b692cd9b","1b49dc15dcaf44b8a50f44881a891bf3","b4b4a47c692b4384b034e2fc262c170c",207,408
"ea38cc0e6e6e41edbabf210220808bf9","MITxPRO+LASERxB1+1T2019","video",179,"166a328362d44926a0d59a78b692cd9b","1b49dc15dcaf44b8a50f44881a891bf3","b4b4a47c692b4384b034e2fc262c170c",206,813
"d9db4a4ebcd8499daa5e84d534b523ac","MITxPRO+LASERxB1+1T2019","html",180,"166a328362d44926a0d59a78b692cd9b","1b49dc15dcaf44b8a50f44881a891bf3","b4b4a47c692b4384b034e2fc262c170c",0,0
"b87c552dd247427abe6ab5795b9c9d43","MITxPRO+LASERxB1+1T2019","drag-and-drop-v2",181,"166a328362d44926a0d59a78b692cd9b","1b49dc15dcaf44b8a50f44881a891bf3","b4b4a47c692b4384b034e2fc262c170c",208,2391
"2024b4885bd14338a39b7b509acbbd02","MITxPRO+LASERxB1+1T2019","html",182,"166a328362d44926a0d59a78b692cd9b","1b49dc15dcaf44b8a50f44881a891bf3","5b834c963e974302bf163a4f77eb41b2",207,358
"30f660a1feb34582a739722532524f79","MITxPRO+LASERxB1+1T2019","problem",183,"166a328362d44926a0d59a78b692cd9b","1b49dc15dcaf44b8a50f44881a891bf3","5b834c963e974302bf163a4f77eb41b2",205,1345
"cf4c280bad6a43e6b131d8385ef9ef3f","MITxPRO+LASERxB1+1T2019","html",184,"166a328362d44926a0d59a78b692cd9b","1b49dc15dcaf44b8a50f44881a891bf3","513a995341db486ab84974464787c389",35,59
"c3f63fe50d8e487c86bf8ef76c9cadd3","MITxPRO+LASERxB1+1T2019","problem",185,"166a328362d44926a0d59a78b692cd9b","1b49dc15dcaf44b8a50f44881a891bf3","513a995341db486ab84974464787c389",206,468
"c8e371568a0c4391b25796ae4e91952e","MITxPRO+LASERxB1+1T2019","html",186,"166a328362d44926a0d59a78b692cd9b","8b870866fb6c40aaab4de591dabf4fb5","df9958037720410b882c85a6c5fdb54c",206,1398
"2d075b03782c4bef9bed2913b6534e8e","MITxPRO+LASERxB1+1T2019","html",187,"166a328362d44926a0d59a78b692cd9b","8b870866fb6c40aaab4de591dabf4fb5","df9958037720410b882c85a6c5fdb54c",0,0
"7d932b23e1c84326ae5aa4d3c0d813d1","MITxPRO+LASERxB1+1T2019","problem",188,"166a328362d44926a0d59a78b692cd9b","8b870866fb6c40aaab4de591dabf4fb5","df9958037720410b882c85a6c5fdb54c",201,557
"07b44a7a51e94c78b411c753fc39dab0","MITxPRO+LASERxB1+1T2019","html",189,"166a328362d44926a0d59a78b692cd9b","8b870866fb6c40aaab4de591dabf4fb5","977a78c3da054269a72c4deff6a46d69",206,414
"ab11d94c6c8948ea90b88f19d2cd502b","MITxPRO+LASERxB1+1T2019","video",190,"166a328362d44926a0d59a78b692cd9b","8b870866fb6c40aaab4de591dabf4fb5","977a78c3da054269a72c4deff6a46d69",203,885
"950c1931570b4fb39512a9540816b913","MITxPRO+LASERxB1+1T2019","html",191,"166a328362d44926a0d59a78b692cd9b","8b870866fb6c40aaab4de591dabf4fb5","977a78c3da054269a72c4deff6a46d69",0,0
"f992451ed6ad4e68bb9e68ad6be7c4be","MITxPRO+LASERxB1+1T2019","problem",192,"166a328362d44926a0d59a78b692cd9b","8b870866fb6c40aaab4de591dabf4fb5","977a78c3da054269a72c4deff6a46d69",202,577
"017d7ca8e0394b91aaadc9574df2202c","MITxPRO+LASERxB1+1T2019","html",193,"166a328362d44926a0d59a78b692cd9b","8b870866fb6c40aaab4de591dabf4fb5","b5ad876dd4ac4a59b8229deefc406434",206,431
"6cd2dcaac46847d4a0bc53f296d90375","MITxPRO+LASERxB1+1T2019","video",194,"166a328362d44926a0d59a78b692cd9b","8b870866fb6c40aaab4de591dabf4fb5","b5ad876dd4ac4a59b8229deefc406434",203,819
"c92c45e0e81148bfab292a3c1a573ca6","MITxPRO+LASERxB1+1T2019","html",195,"166a328362d44926a0d59a78b692cd9b","8b870866fb6c40aaab4de591dabf4fb5","b5ad876dd4ac4a59b8229deefc406434",0,0
"2d2580c9411c4972909db508d6956a58","MITxPRO+LASERxB1+1T2019","problem",196,"166a328362d44926a0d59a78b692cd9b","8b870866fb6c40aaab4de591dabf4fb5","b5ad876dd4ac4a59b8229deefc406434",202,1030
"5bddb3d9ed264f3984702f048c7e5340","MITxPRO+LASERxB1+1T2019","problem",197,"166a328362d44926a0d59a78b692cd9b","8b870866fb6c40aaab4de591dabf4fb5","b5ad876dd4ac4a59b8229deefc406434",201,660
"d5e8e2bd12a2466b9d6d90855f0eb079","MITxPRO+LASERxB1+1T2019","problem",198,"166a328362d44926a0d59a78b692cd9b","8b870866fb6c40aaab4de591dabf4fb5","b5ad876dd4ac4a59b8229deefc406434",202,667
"f9170dd6bc6442b4acd832747609b09a","MITxPRO+LASERxB1+1T2019","html",199,"166a328362d44926a0d59a78b692cd9b","8b870866fb6c40aaab4de591dabf4fb5","bc4a80053ec44bea947ed329097c6ae5",205,389
"54e8e9f0ea3e45c4bf3b8ac799ee31b1","MITxPRO+LASERxB1+1T2019","problem",200,"166a328362d44926a0d59a78b692cd9b","8b870866fb6c40aaab4de591dabf4fb5","bc4a80053ec44bea947ed329097c6ae5",205,442
"c614a00911be4877a075f19315530fb0","MITxPRO+LASERxB1+1T2019","problem",201,"166a328362d44926a0d59a78b692cd9b","8b870866fb6c40aaab4de591dabf4fb5","bc4a80053ec44bea947ed329097c6ae5",205,1676
"a6c21bd8b95249c7972820a7a7d76aff","MITxPRO+LASERxB1+1T2019","problem",202,"166a328362d44926a0d59a78b692cd9b","8b870866fb6c40aaab4de591dabf4fb5","bc4a80053ec44bea947ed329097c6ae5",202,455
"bb329d880ab54120adaf203a693bb203","MITxPRO+LASERxB1+1T2019","problem",203,"166a328362d44926a0d59a78b692cd9b","8b870866fb6c40aaab4de591dabf4fb5","bc4a80053ec44bea947ed329097c6ae5",202,455
"b54257a550b94ebc9538f3a90eee9d7e","MITxPRO+LASERxB1+1T2019","html",204,"166a328362d44926a0d59a78b692cd9b","8b870866fb6c40aaab4de591dabf4fb5","650643e849014daebd1598cce60afaf3",50,80
"334c2344009840079b1d0e1b7ce3d5a7","MITxPRO+LASERxB1+1T2019","problem",205,"166a328362d44926a0d59a78b692cd9b","8b870866fb6c40aaab4de591dabf4fb5","650643e849014daebd1598cce60afaf3",203,455
"d7f13c8d63ec4e2aa673fbb9cf9c6933","MITxPRO+LASERxB1+1T2019","html",206,"166a328362d44926a0d59a78b692cd9b","b06ad2a4b8bb4900ab1b59bf6c16b0db","40e82538e01141258267d053688d3954",205,1369
"b9e80f77c3a44349863b19875725c384","MITxPRO+LASERxB1+1T2019","drag-and-drop-v2",207,"166a328362d44926a0d59a78b692cd9b","b06ad2a4b8bb4900ab1b59bf6c16b0db","40e82538e01141258267d053688d3954",205,4613
"7108f0e4c2584f1f9c471689ae4c885c","MITxPRO+LASERxB1+1T2019","drag-and-drop-v2",208,"166a328362d44926a0d59a78b692cd9b","b06ad2a4b8bb4900ab1b59bf6c16b0db","40e82538e01141258267d053688d3954",205,3471
"a875096404ef4a9984b62d74cda916f9","MITxPRO+LASERxB1+1T2019","html",209,"166a328362d44926a0d59a78b692cd9b","b06ad2a4b8bb4900ab1b59bf6c16b0db","e61948a5c7a24c5d9d3c7a30869dc36b",203,402
"09400e101c5d4b439cf9a26b03aae558","MITxPRO+LASERxB1+1T2019","video",210,"166a328362d44926a0d59a78b692cd9b","b06ad2a4b8bb4900ab1b59bf6c16b0db","e61948a5c7a24c5d9d3c7a30869dc36b",203,919
"1998bef364384a34ad2306761033cedc","MITxPRO+LASERxB1+1T2019","html",211,"166a328362d44926a0d59a78b692cd9b","b06ad2a4b8bb4900ab1b59bf6c16b0db","e61948a5c7a24c5d9d3c7a30869dc36b",1,2
"a88efa7e50ce47159810ab553afa6d3a","MITxPRO+LASERxB1+1T2019","problem",212,"166a328362d44926a0d59a78b692cd9b","b06ad2a4b8bb4900ab1b59bf6c16b0db","e61948a5c7a24c5d9d3c7a30869dc36b",201,1394
"ec341f459285443b8361f7f15638ff08","MITxPRO+LASERxB1+1T2019","html",213,"166a328362d44926a0d59a78b692cd9b","b06ad2a4b8bb4900ab1b59bf6c16b0db","b950cb2dee68473ea6765a29896e6781",202,373
"be502a7a43c44bf7b682698de79d9369","MITxPRO+LASERxB1+1T2019","video",214,"166a328362d44926a0d59a78b692cd9b","b06ad2a4b8bb4900ab1b59bf6c16b0db","b950cb2dee68473ea6765a29896e6781",202,905
"f7fb1952f56b4189b86a9f8b7862d2b8","MITxPRO+LASERxB1+1T2019","drag-and-drop-v2",215,"166a328362d44926a0d59a78b692cd9b","b06ad2a4b8bb4900ab1b59bf6c16b0db","b950cb2dee68473ea6765a29896e6781",204,3556
"b860ee85d8bc4a2f97958cfb71be3533","MITxPRO+LASERxB1+1T2019","problem",216,"166a328362d44926a0d59a78b692cd9b","b06ad2a4b8bb4900ab1b59bf6c16b0db","b950cb2dee68473ea6765a29896e6781",197,790
"01b2051f8941460d89945e3b02d1ce78","MITxPRO+LASERxB1+1T2019","html",217,"166a328362d44926a0d59a78b692cd9b","b06ad2a4b8bb4900ab1b59bf6c16b0db","cd9fca97fd40424b8939b90f89057080",202,371
"363837c182e04711840d896ae1e0339c","MITxPRO+LASERxB1+1T2019","drag-and-drop-v2",218,"166a328362d44926a0d59a78b692cd9b","b06ad2a4b8bb4900ab1b59bf6c16b0db","cd9fca97fd40424b8939b90f89057080",202,3445
"be95c065e45447c1bd8215ea6f130c7a","MITxPRO+LASERxB1+1T2019","html",219,"166a328362d44926a0d59a78b692cd9b","b06ad2a4b8bb4900ab1b59bf6c16b0db","22db542f761240dfbdeb65f274e65daf",49,74
"91125ca626c5470eb145501f8c37f8db","MITxPRO+LASERxB1+1T2019","problem",220,"166a328362d44926a0d59a78b692cd9b","b06ad2a4b8bb4900ab1b59bf6c16b0db","22db542f761240dfbdeb65f274e65daf",198,445
"1c6721b1f63f4d30ba7746ea8af02a52","MITxPRO+LASERxB1+1T2019","html",221,"166a328362d44926a0d59a78b692cd9b","72e00d50e05045aa9e81cb995696415c","b35ce3453a24425fb2fd6d28c4512568",202,1462
"77ecef8eff6b4a2caea7707669bf7475","MITxPRO+LASERxB1+1T2019","drag-and-drop-v2",222,"166a328362d44926a0d59a78b692cd9b","72e00d50e05045aa9e81cb995696415c","b35ce3453a24425fb2fd6d28c4512568",202,3033
"f7906d6f59b9489a91d2ef40db5a474d","MITxPRO+LASERxB1+1T2019","html",223,"166a328362d44926a0d59a78b692cd9b","72e00d50e05045aa9e81cb995696415c","c9c0a6c2aec64fb1862f83a0a07908a9",202,422
"d03cb855c70044cf8c35d9ec0de696e3","MITxPRO+LASERxB1+1T2019","video",224,"166a328362d44926a0d59a78b692cd9b","72e00d50e05045aa9e81cb995696415c","c9c0a6c2aec64fb1862f83a0a07908a9",200,855
"71aaf76e8b8941088a4073e9032a44b4","MITxPRO+LASERxB1+1T2019","html",225,"166a328362d44926a0d59a78b692cd9b","72e00d50e05045aa9e81cb995696415c","c9c0a6c2aec64fb1862f83a0a07908a9",0,0
"a49a937d6896486d9a5396654abcf2e1","MITxPRO+LASERxB1+1T2019","problem",226,"166a328362d44926a0d59a78b692cd9b","72e00d50e05045aa9e81cb995696415c","c9c0a6c2aec64fb1862f83a0a07908a9",194,695
"8b9ae98743bd4d4a8a87dff1c1244211","MITxPRO+LASERxB1+1T2019","drag-and-drop-v2",227,"166a328362d44926a0d59a78b692cd9b","72e00d50e05045aa9e81cb995696415c","c9c0a6c2aec64fb1862f83a0a07908a9",202,5197
"5152833676bf4c6cb317060be10f68db","MITxPRO+LASERxB1+1T2019","html",228,"166a328362d44926a0d59a78b692cd9b","72e00d50e05045aa9e81cb995696415c","8b288bce89d24385a689d331eb122f7e",201,423
"2ab1535aac1346ba8801535bf729ef37","MITxPRO+LASERxB1+1T2019","video",229,"166a328362d44926a0d59a78b692cd9b","72e00d50e05045aa9e81cb995696415c","8b288bce89d24385a689d331eb122f7e",199,993
"779143882c9042b383843beddf87b3fa","MITxPRO+LASERxB1+1T2019","html",230,"166a328362d44926a0d59a78b692cd9b","72e00d50e05045aa9e81cb995696415c","8b288bce89d24385a689d331eb122f7e",1,2
"a4f40fb48a8542c8949bae1f002cd9bc","MITxPRO+LASERxB1+1T2019","problem",231,"166a328362d44926a0d59a78b692cd9b","72e00d50e05045aa9e81cb995696415c","8b288bce89d24385a689d331eb122f7e",198,813
"8972c23e32044edb8a78fa1eed4e5947","MITxPRO+LASERxB1+1T2019","problem",232,"166a328362d44926a0d59a78b692cd9b","72e00d50e05045aa9e81cb995696415c","8b288bce89d24385a689d331eb122f7e",193,564
"92feb4a40f8344d38b6f722e42a53295","MITxPRO+LASERxB1+1T2019","problem",233,"166a328362d44926a0d59a78b692cd9b","72e00d50e05045aa9e81cb995696415c","8b288bce89d24385a689d331eb122f7e",194,625
"0b04c8e2f86d48c7aeb7e225819cd32b","MITxPRO+LASERxB1+1T2019","html",234,"166a328362d44926a0d59a78b692cd9b","72e00d50e05045aa9e81cb995696415c","fc5976ca7b5040a49ec08f49cfa25d5a",201,375
"ca3e28f290354c08aefe5b0f769604e6","MITxPRO+LASERxB1+1T2019","problem",235,"166a328362d44926a0d59a78b692cd9b","72e00d50e05045aa9e81cb995696415c","fc5976ca7b5040a49ec08f49cfa25d5a",201,1767
"79a35eea833e4c2c9d22fc53c3c6445c","MITxPRO+LASERxB1+1T2019","problem",236,"166a328362d44926a0d59a78b692cd9b","72e00d50e05045aa9e81cb995696415c","fc5976ca7b5040a49ec08f49cfa25d5a",201,1541
"8f68228b1518449e9615cdafee41a2bd","MITxPRO+LASERxB1+1T2019","problem",237,"166a328362d44926a0d59a78b692cd9b","72e00d50e05045aa9e81cb995696415c","fc5976ca7b5040a49ec08f49cfa25d5a",199,437
"cab89fa5c3ed45a5aa550fc0352d6a42","MITxPRO+LASERxB1+1T2019","problem",238,"166a328362d44926a0d59a78b692cd9b","72e00d50e05045aa9e81cb995696415c","fc5976ca7b5040a49ec08f49cfa25d5a",201,794
"66d4fad4f1cf4b46be0750a99ad7a35a","MITxPRO+LASERxB1+1T2019","problem",239,"166a328362d44926a0d59a78b692cd9b","72e00d50e05045aa9e81cb995696415c","fc5976ca7b5040a49ec08f49cfa25d5a",198,427
"64dbedb3ce544f6aae8e10e0cf10f16d","MITxPRO+LASERxB1+1T2019","html",240,"166a328362d44926a0d59a78b692cd9b","72e00d50e05045aa9e81cb995696415c","631c33bea3ba485ea92517bed816e185",48,81
"f53da5fd9bfe412da4b80d4742563b6c","MITxPRO+LASERxB1+1T2019","problem",241,"166a328362d44926a0d59a78b692cd9b","72e00d50e05045aa9e81cb995696415c","631c33bea3ba485ea92517bed816e185",196,457
"2ae94c0cea4d480a9d5dca8fb1d7b542","MITxPRO+LASERxB1+1T2019","html",242,"166a328362d44926a0d59a78b692cd9b","3a41f14507f847d3adc5b895fb162ffa","1996c732efb94b41aec83688265aad3a",200,1610
"b48100e167b24c7782f6f5ba968c9fdb","MITxPRO+LASERxB1+1T2019","html",243,"166a328362d44926a0d59a78b692cd9b","3a41f14507f847d3adc5b895fb162ffa","1996c732efb94b41aec83688265aad3a",2,4
"ba660431f382464f9801f95858171daa","MITxPRO+LASERxB1+1T2019","html",244,"166a328362d44926a0d59a78b692cd9b","3a41f14507f847d3adc5b895fb162ffa","1996c732efb94b41aec83688265aad3a",0,0
"1ebf23f9d994469a85206e4c7b1bf5f5","MITxPRO+LASERxB1+1T2019","drag-and-drop-v2",245,"166a328362d44926a0d59a78b692cd9b","3a41f14507f847d3adc5b895fb162ffa","1996c732efb94b41aec83688265aad3a",200,2877
"85ae675b83e8422da842cfd25596af99","MITxPRO+LASERxB1+1T2019","problem",246,"166a328362d44926a0d59a78b692cd9b","3a41f14507f847d3adc5b895fb162ffa","1996c732efb94b41aec83688265aad3a",189,442
"6e83e23f56544a19b94067c1c558d9c0","MITxPRO+LASERxB1+1T2019","html",247,"166a328362d44926a0d59a78b692cd9b","3a41f14507f847d3adc5b895fb162ffa","3d23ddd718e54bcaaf3548f83629e769",197,463
"cb682a0863c547cdb3eae22ea90cdde7","MITxPRO+LASERxB1+1T2019","html",248,"166a328362d44926a0d59a78b692cd9b","3a41f14507f847d3adc5b895fb162ffa","3d23ddd718e54bcaaf3548f83629e769",0,0
"8ac16c1e05274e32b10f3e287911426a","MITxPRO+LASERxB1+1T2019","html",249,"166a328362d44926a0d59a78b692cd9b","3a41f14507f847d3adc5b895fb162ffa","3d23ddd718e54bcaaf3548f83629e769",0,0
"30c9ba177afc49a695625d2bdec40207","MITxPRO+LASERxB1+1T2019","problem",250,"166a328362d44926a0d59a78b692cd9b","3a41f14507f847d3adc5b895fb162ffa","3d23ddd718e54bcaaf3548f83629e769",99,391
"d546341988904f069cfa86b21457d9d9","MITxPRO+LASERxB1+1T2019","html",251,"166a328362d44926a0d59a78b692cd9b","3a41f14507f847d3adc5b895fb162ffa","d761ab106811485f9e333d0a4be71766",198,410
"fa235f0f364d47e4ae1c87f47bf8e6ba","MITxPRO+LASERxB1+1T2019","video",252,"166a328362d44926a0d59a78b692cd9b","3a41f14507f847d3adc5b895fb162ffa","d761ab106811485f9e333d0a4be71766",155,691
"8376e91a1246496385cb17058ce0facb","MITxPRO+LASERxB1+1T2019","html",253,"166a328362d44926a0d59a78b692cd9b","3a41f14507f847d3adc5b895fb162ffa","d761ab106811485f9e333d0a4be71766",0,0
"79f7845465cc4ed19d8e4f1429541be0","MITxPRO+LASERxB1+1T2019","problem",254,"166a328362d44926a0d59a78b692cd9b","3a41f14507f847d3adc5b895fb162ffa","d761ab106811485f9e333d0a4be71766",151,542
"d989ebcfc12a4b669f0100dc1aa14f1e","MITxPRO+LASERxB1+1T2019","html",255,"166a328362d44926a0d59a78b692cd9b","3a41f14507f847d3adc5b895fb162ffa","4cdf731f0909410cbe87bdd3d836b121",198,394
"00f61990949545828dd12f1303d47504","MITxPRO+LASERxB1+1T2019","video",256,"166a328362d44926a0d59a78b692cd9b","3a41f14507f847d3adc5b895fb162ffa","4cdf731f0909410cbe87bdd3d836b121",197,847
"b2389297ba624efebda5a6e711d70572","MITxPRO+LASERxB1+1T2019","html",257,"166a328362d44926a0d59a78b692cd9b","3a41f14507f847d3adc5b895fb162ffa","4cdf731f0909410cbe87bdd3d836b121",1,1
"ead7bb4b64e247d2ae632ab8a296b091","MITxPRO+LASERxB1+1T2019","problem",258,"166a328362d44926a0d59a78b692cd9b","3a41f14507f847d3adc5b895fb162ffa","4cdf731f0909410cbe87bdd3d836b121",190,639
"41b0048dde734bb280bac6116baa8e27","MITxPRO+LASERxB1+1T2019","problem",259,"166a328362d44926a0d59a78b692cd9b","3a41f14507f847d3adc5b895fb162ffa","4cdf731f0909410cbe87bdd3d836b121",192,709
"b41c5a094a604ee0915327da5cc0beb7","MITxPRO+LASERxB1+1T2019","problem",260,"166a328362d44926a0d59a78b692cd9b","3a41f14507f847d3adc5b895fb162ffa","4cdf731f0909410cbe87bdd3d836b121",191,752
"7aa76d3e993840d8805f097cbdbcd44b","MITxPRO+LASERxB1+1T2019","html",261,"166a328362d44926a0d59a78b692cd9b","3a41f14507f847d3adc5b895fb162ffa","7cf83fbddddc4dd082b5d5edcc32ff2b",198,406
"bc35c50e57414592b7d27a7d7c34bc3e","MITxPRO+LASERxB1+1T2019","html",262,"166a328362d44926a0d59a78b692cd9b","3a41f14507f847d3adc5b895fb162ffa","7cf83fbddddc4dd082b5d5edcc32ff2b",0,0
"3c16bacf5b4b4f8aacff9b2e59e24bca","MITxPRO+LASERxB1+1T2019","html",263,"166a328362d44926a0d59a78b692cd9b","3a41f14507f847d3adc5b895fb162ffa","7cf83fbddddc4dd082b5d5edcc32ff2b",0,0
"28c171777c52431ab6b925073bd63d46","MITxPRO+LASERxB1+1T2019","problem",264,"166a328362d44926a0d59a78b692cd9b","3a41f14507f847d3adc5b895fb162ffa","7cf83fbddddc4dd082b5d5edcc32ff2b",197,1580
"ccf8015cc62548eda46f85490c6b2084","MITxPRO+LASERxB1+1T2019","html",265,"166a328362d44926a0d59a78b692cd9b","3a41f14507f847d3adc5b895fb162ffa","7cf83fbddddc4dd082b5d5edcc32ff2b",0,0
"ac160db940cb49ae8579162b1d52bb5d","MITxPRO+LASERxB1+1T2019","problem",266,"166a328362d44926a0d59a78b692cd9b","3a41f14507f847d3adc5b895fb162ffa","7cf83fbddddc4dd082b5d5edcc32ff2b",197,1354
"7028800abe7d4e27b613d1d6cbe26bf7","MITxPRO+LASERxB1+1T2019","html",267,"166a328362d44926a0d59a78b692cd9b","3a41f14507f847d3adc5b895fb162ffa","68e661e495134b7cab3a8cc8f2105a7e",61,128
"c6fd49b485cc4874b0bbdd9c6171e09c","MITxPRO+LASERxB1+1T2019","problem",268,"166a328362d44926a0d59a78b692cd9b","3a41f14507f847d3adc5b895fb162ffa","68e661e495134b7cab3a8cc8f2105a7e",195,1263
"44240778a97c4af0937817499b75707b","MITxPRO+LASERxB1+1T2019","problem",269,"166a328362d44926a0d59a78b692cd9b","3a41f14507f847d3adc5b895fb162ffa","68e661e495134b7cab3a8cc8f2105a7e",197,685
"590fb7d4bca1466bacd357c1a234907c","MITxPRO+LASERxB1+1T2019","html",270,"166a328362d44926a0d59a78b692cd9b","3a41f14507f847d3adc5b895fb162ffa","f8a137d00dc2452eb4f85427d79ac656",8,9
"865a4d3b43374da7944dc7d397f566d9","MITxPRO+LASERxB1+1T2019","problem",271,"166a328362d44926a0d59a78b692cd9b","3a41f14507f847d3adc5b895fb162ffa","f8a137d00dc2452eb4f85427d79ac656",197,445
"0d987bed3ffa4ed0b9a2e62e97b7b30f","MITxPRO+LASERxB1+1T2019","html",272,"166a328362d44926a0d59a78b692cd9b","206ef101695b4fe9914fe914a7eab81b","2a9ee778081545848c4ec003bb296d43",200,2186
"10c616d641cd42729083e0a5575fb8ea","MITxPRO+LASERxB1+1T2019","html",273,"166a328362d44926a0d59a78b692cd9b","206ef101695b4fe9914fe914a7eab81b","2a9ee778081545848c4ec003bb296d43",0,0
"ecf5f1a3754c487589496d10a397f977","MITxPRO+LASERxB1+1T2019","html",274,"166a328362d44926a0d59a78b692cd9b","206ef101695b4fe9914fe914a7eab81b","2a9ee778081545848c4ec003bb296d43",3,6
"82ae07bc0c9b4570a41799290d1ef399","MITxPRO+LASERxB1+1T2019","html",275,"166a328362d44926a0d59a78b692cd9b","206ef101695b4fe9914fe914a7eab81b","d6eee12e8d274ad7aaa1838ecd676453",194,717
"a39da0ce33404aa7aeef29af014da204","MITxPRO+LASERxB1+1T2019","html",276,"166a328362d44926a0d59a78b692cd9b","206ef101695b4fe9914fe914a7eab81b","d6eee12e8d274ad7aaa1838ecd676453",1,2
"f3c2cd4abb7a4fa8bfb9ebadecb9203d","MITxPRO+LASERxB1+1T2019","html",277,"166a328362d44926a0d59a78b692cd9b","206ef101695b4fe9914fe914a7eab81b","d6eee12e8d274ad7aaa1838ecd676453",0,0
"4b783ddfe6334f7ba5d08e3f2bf275e4","MITxPRO+LASERxB1+1T2019","html",278,"166a328362d44926a0d59a78b692cd9b","206ef101695b4fe9914fe914a7eab81b","d6eee12e8d274ad7aaa1838ecd676453",0,0
"bc5524e78a8544e2ae2fdc2f3462bbec","MITxPRO+LASERxB1+1T2019","html",279,"166a328362d44926a0d59a78b692cd9b","206ef101695b4fe9914fe914a7eab81b","041a32e948a94a66b1b287aaacfa0905",140,364
"bb5a47f5ea01454a8b79455422d3b9da","MITxPRO+LASERxB1+1T2019","openassessment",280,"166a328362d44926a0d59a78b692cd9b","206ef101695b4fe9914fe914a7eab81b","041a32e948a94a66b1b287aaacfa0905",196,17410
"94cecc3f1e7d484b8e068e79241dfd73","MITxPRO+LASERxB1+1T2019","html",281,"166a328362d44926a0d59a78b692cd9b","e7e04eaf995444d5824552d8605007d2","74354e44721b430d934422a052fb7fee",190,842
"d720793a14624748903a1f7f817b7ca6","MITxPRO+LASERxB1+1T2019","html",282,"166a328362d44926a0d59a78b692cd9b","e7e04eaf995444d5824552d8605007d2","74354e44721b430d934422a052fb7fee",0,0
"a37477c4e4c14169ad44b06b493007f6","MITxPRO+LASERxB1+1T2019","lti_consumer",283,"166a328362d44926a0d59a78b692cd9b","e7e04eaf995444d5824552d8605007d2","74354e44721b430d934422a052fb7fee",190,490
"fab84b4fab5940efb4ea868ef8d09396","MITxPRO+LASERxB1+1T2019","html",284,"166a328362d44926a0d59a78b692cd9b","2095e83b70b142f2a51c03d4962257de","1537e05c4dfa4bc3be6f645f5bb4fbb8",186,771
"4a29443515bb404cb8924e1c60a63b73","MITxPRO+LASERxB1+1T2019","html",285,"c817646518c54dc6855d2642310f33d6","71f15899d85645cab62cddcbe27d1de2","1dd511d6b33943bbb02ae7a1eaf236ce",198,1876
"572ece25224b40438864a7f65e24a4c9","MITxPRO+LASERxB1+1T2019","html",286,"c817646518c54dc6855d2642310f33d6","71f15899d85645cab62cddcbe27d1de2","1dd511d6b33943bbb02ae7a1eaf236ce",1,1
"a44e39b057914e0fb4fa95d0fd6b8060","MITxPRO+LASERxB1+1T2019","html",287,"c817646518c54dc6855d2642310f33d6","71f15899d85645cab62cddcbe27d1de2","1dd511d6b33943bbb02ae7a1eaf236ce",1,1
"208c9b2796c944db8dacaa96082520ea","MITxPRO+LASERxB1+1T2019","video",288,"c817646518c54dc6855d2642310f33d6","71f15899d85645cab62cddcbe27d1de2","1dd511d6b33943bbb02ae7a1eaf236ce",196,897
"6a9a3b5bde4a48daa896fe8c06eca56f","MITxPRO+LASERxB1+1T2019","html",289,"c817646518c54dc6855d2642310f33d6","71f15899d85645cab62cddcbe27d1de2","46564edba8eb4c1a9704ef154f6e3186",195,337
"b9fbcb8c33b14f58925572b0b81e8e17","MITxPRO+LASERxB1+1T2019","html",290,"c817646518c54dc6855d2642310f33d6","71f15899d85645cab62cddcbe27d1de2","46564edba8eb4c1a9704ef154f6e3186",1,2
"7669a956527947d0add87455277e80b4","MITxPRO+LASERxB1+1T2019","problem",291,"c817646518c54dc6855d2642310f33d6","71f15899d85645cab62cddcbe27d1de2","46564edba8eb4c1a9704ef154f6e3186",194,435
"34a6e49023fc4465bd5ca604330bbd1c","MITxPRO+LASERxB1+1T2019","html",292,"c817646518c54dc6855d2642310f33d6","71f15899d85645cab62cddcbe27d1de2","c9ae859049fd4812839f6a4b396ed6e3",194,319
"869e967078f04da18dd0b0b9389a7424","MITxPRO+LASERxB1+1T2019","video",293,"c817646518c54dc6855d2642310f33d6","71f15899d85645cab62cddcbe27d1de2","c9ae859049fd4812839f6a4b396ed6e3",192,804
"430ed830a139406187ccf193f509331a","MITxPRO+LASERxB1+1T2019","html",294,"c817646518c54dc6855d2642310f33d6","71f15899d85645cab62cddcbe27d1de2","c9ae859049fd4812839f6a4b396ed6e3",0,0
"51ab6291537748fab90d519aa09889d6","MITxPRO+LASERxB1+1T2019","problem",295,"c817646518c54dc6855d2642310f33d6","71f15899d85645cab62cddcbe27d1de2","c9ae859049fd4812839f6a4b396ed6e3",187,1412
"21592f2a9e9c4b2f8c66ec5dbcbf6a2b","MITxPRO+LASERxB1+1T2019","html",296,"c817646518c54dc6855d2642310f33d6","71f15899d85645cab62cddcbe27d1de2","1ef94bbd77204a978ec4510d6112dcf3",193,295
"8c994ada7d934fc1b1b89f3119ffb7a4","MITxPRO+LASERxB1+1T2019","html",297,"c817646518c54dc6855d2642310f33d6","71f15899d85645cab62cddcbe27d1de2","1ef94bbd77204a978ec4510d6112dcf3",0,0
"7646a919d7e64fa990bca9b024ff089d","MITxPRO+LASERxB1+1T2019","html",298,"c817646518c54dc6855d2642310f33d6","71f15899d85645cab62cddcbe27d1de2","4ba196914e94485aadd8d4ac4761ef7f",192,341
"ba0e59461bfb4a44b7b1c28a01f8d3b3","MITxPRO+LASERxB1+1T2019","video",299,"c817646518c54dc6855d2642310f33d6","71f15899d85645cab62cddcbe27d1de2","4ba196914e94485aadd8d4ac4761ef7f",193,736
"c6697655493e4e5aba80361043e386ff","MITxPRO+LASERxB1+1T2019","html",300,"c817646518c54dc6855d2642310f33d6","71f15899d85645cab62cddcbe27d1de2","4ba196914e94485aadd8d4ac4761ef7f",0,0
"0e0b36e731a645e7b1b8a88f5031ca38","MITxPRO+LASERxB1+1T2019","problem",301,"c817646518c54dc6855d2642310f33d6","71f15899d85645cab62cddcbe27d1de2","4ba196914e94485aadd8d4ac4761ef7f",189,999
"a66a144637284c21afc6de17fea4bfb8","MITxPRO+LASERxB1+1T2019","problem",302,"c817646518c54dc6855d2642310f33d6","71f15899d85645cab62cddcbe27d1de2","4ba196914e94485aadd8d4ac4761ef7f",189,688
"2c5bb2cbd0014420ad8c95d40e38efd1","MITxPRO+LASERxB1+1T2019","html",303,"c817646518c54dc6855d2642310f33d6","71f15899d85645cab62cddcbe27d1de2","d8873ea34623438d86f3dcb47b90ab22",45,75
"e390b575229748ea8aac9364efe2bf00","MITxPRO+LASERxB1+1T2019","problem",304,"c817646518c54dc6855d2642310f33d6","71f15899d85645cab62cddcbe27d1de2","d8873ea34623438d86f3dcb47b90ab22",193,407
"3434c10e561d488a914e0f7d71907abd","MITxPRO+LASERxB1+1T2019","html",305,"c817646518c54dc6855d2642310f33d6","bcf22d892e6c46c9aeede7115c8d8524","76ed570f97454c30b3a1897ec94fa039",194,1416
"56348f6a70c0486ab1d54c21766d6ae5","MITxPRO+LASERxB1+1T2019","html",306,"c817646518c54dc6855d2642310f33d6","bcf22d892e6c46c9aeede7115c8d8524","76ed570f97454c30b3a1897ec94fa039",0,0
"53e7e900392747ccad52e711ab0f80d8","MITxPRO+LASERxB1+1T2019","video",307,"c817646518c54dc6855d2642310f33d6","bcf22d892e6c46c9aeede7115c8d8524","76ed570f97454c30b3a1897ec94fa039",193,909
"141c0df6cd1946539aadd1c9b7068cd4","MITxPRO+LASERxB1+1T2019","html",308,"c817646518c54dc6855d2642310f33d6","bcf22d892e6c46c9aeede7115c8d8524","42511efc9455403990ed17993ee10e54",193,371
"130acc2aeb0448fdbb2de63bc5cebe5b","MITxPRO+LASERxB1+1T2019","video",309,"c817646518c54dc6855d2642310f33d6","bcf22d892e6c46c9aeede7115c8d8524","42511efc9455403990ed17993ee10e54",193,698
"39869ddb0f894074961f83a3a2139b3f","MITxPRO+LASERxB1+1T2019","html",310,"c817646518c54dc6855d2642310f33d6","bcf22d892e6c46c9aeede7115c8d8524","42511efc9455403990ed17993ee10e54",0,0
"9c062b3251034ebe90f5054e2a3b5120","MITxPRO+LASERxB1+1T2019","problem",311,"c817646518c54dc6855d2642310f33d6","bcf22d892e6c46c9aeede7115c8d8524","42511efc9455403990ed17993ee10e54",187,688
"ea859f8207e44537889daeaba13ac2e8","MITxPRO+LASERxB1+1T2019","problem",312,"c817646518c54dc6855d2642310f33d6","bcf22d892e6c46c9aeede7115c8d8524","42511efc9455403990ed17993ee10e54",186,695
"56d94971a7a94257aa330183a8ebd0ea","MITxPRO+LASERxB1+1T2019","problem",313,"c817646518c54dc6855d2642310f33d6","bcf22d892e6c46c9aeede7115c8d8524","42511efc9455403990ed17993ee10e54",185,620
"0c787d16c9504873b1a4d903cec09948","MITxPRO+LASERxB1+1T2019","html",314,"c817646518c54dc6855d2642310f33d6","bcf22d892e6c46c9aeede7115c8d8524","b3054ca99ab84d83975db911cfc39d81",193,326
"da2a7bc1998b4d48be46c050a1ac8ff7","MITxPRO+LASERxB1+1T2019","html",315,"c817646518c54dc6855d2642310f33d6","bcf22d892e6c46c9aeede7115c8d8524","b3054ca99ab84d83975db911cfc39d81",0,0
"16593e49f7584ef286ebbfc96d4cbfcc","MITxPRO+LASERxB1+1T2019","html",316,"c817646518c54dc6855d2642310f33d6","bcf22d892e6c46c9aeede7115c8d8524","b3054ca99ab84d83975db911cfc39d81",1,1
"13255e63e0aa4abf85e5211bf613d43e","MITxPRO+LASERxB1+1T2019","problem",317,"c817646518c54dc6855d2642310f33d6","bcf22d892e6c46c9aeede7115c8d8524","b3054ca99ab84d83975db911cfc39d81",191,454
"8d7e0b55cf9849cda222a0f2440cec55","MITxPRO+LASERxB1+1T2019","html",318,"c817646518c54dc6855d2642310f33d6","bcf22d892e6c46c9aeede7115c8d8524","df4f7d1963ae420487660d98663d6a74",192,354
"86c27d40179e419c8e9d150fb6afa5d0","MITxPRO+LASERxB1+1T2019","video",319,"c817646518c54dc6855d2642310f33d6","bcf22d892e6c46c9aeede7115c8d8524","df4f7d1963ae420487660d98663d6a74",192,697
"b4659dfbe6fc4d06b35fb87a1a148359","MITxPRO+LASERxB1+1T2019","html",320,"c817646518c54dc6855d2642310f33d6","bcf22d892e6c46c9aeede7115c8d8524","df4f7d1963ae420487660d98663d6a74",0,0
"053a7bf6d872441097591e7a7a049be5","MITxPRO+LASERxB1+1T2019","html",321,"c817646518c54dc6855d2642310f33d6","bcf22d892e6c46c9aeede7115c8d8524","df4f7d1963ae420487660d98663d6a74",0,0
"3628bdce1dd2429ba924d2d4d09448d2","MITxPRO+LASERxB1+1T2019","html",322,"c817646518c54dc6855d2642310f33d6","bcf22d892e6c46c9aeede7115c8d8524","eda12af943ed497298816b92e6dfd478",192,349
"24f1363179ad4aaa965484a78471912b","MITxPRO+LASERxB1+1T2019","video",323,"c817646518c54dc6855d2642310f33d6","bcf22d892e6c46c9aeede7115c8d8524","eda12af943ed497298816b92e6dfd478",192,731
"7371136bec7e48e7895eedb6138e1ce1","MITxPRO+LASERxB1+1T2019","html",324,"c817646518c54dc6855d2642310f33d6","bcf22d892e6c46c9aeede7115c8d8524","eda12af943ed497298816b92e6dfd478",0,0
"b29c33c1a91e4c4796f5de5feef0e06b","MITxPRO+LASERxB1+1T2019","html",325,"c817646518c54dc6855d2642310f33d6","bcf22d892e6c46c9aeede7115c8d8524","eda12af943ed497298816b92e6dfd478",0,0
"47edbb64109243e6b0f8f64cdef90c6c","MITxPRO+LASERxB1+1T2019","lti_consumer",326,"c817646518c54dc6855d2642310f33d6","bcf22d892e6c46c9aeede7115c8d8524","eda12af943ed497298816b92e6dfd478",193,400
"43ea1b823a4b4e51b7c694c10725db82","MITxPRO+LASERxB1+1T2019","html",327,"c817646518c54dc6855d2642310f33d6","bcf22d892e6c46c9aeede7115c8d8524","178955259bc548c2827a5b465412d356",51,82
"56b3fd1a212a4764be39d979fde3326e","MITxPRO+LASERxB1+1T2019","problem",328,"c817646518c54dc6855d2642310f33d6","bcf22d892e6c46c9aeede7115c8d8524","178955259bc548c2827a5b465412d356",193,418
"0c4079457ede49e3aeb5e86ed84bdf35","MITxPRO+LASERxB1+1T2019","html",329,"c817646518c54dc6855d2642310f33d6","6683a792e06045bda41265b948d3a097","fce65b80808d45c7980f3b702edfab6b",195,1347
"e3d8dd3e10e64c87b04e410b519c4680","MITxPRO+LASERxB1+1T2019","html",330,"c817646518c54dc6855d2642310f33d6","6683a792e06045bda41265b948d3a097","fce65b80808d45c7980f3b702edfab6b",1,2
"38aea304b4fa46e1b29bb72f5cea4c93","MITxPRO+LASERxB1+1T2019","video",331,"c817646518c54dc6855d2642310f33d6","6683a792e06045bda41265b948d3a097","fce65b80808d45c7980f3b702edfab6b",195,1162
"c002a3c1652d496eb39622d2602116e4","MITxPRO+LASERxB1+1T2019","html",332,"c817646518c54dc6855d2642310f33d6","6683a792e06045bda41265b948d3a097","fce65b80808d45c7980f3b702edfab6b",0,0
"e36d261332f14e79bb4b467aceaeb9b5","MITxPRO+LASERxB1+1T2019","problem",333,"c817646518c54dc6855d2642310f33d6","6683a792e06045bda41265b948d3a097","fce65b80808d45c7980f3b702edfab6b",189,447
"c7e89b9d04744d2eab742fc24e3ef1ae","MITxPRO+LASERxB1+1T2019","problem",334,"c817646518c54dc6855d2642310f33d6","6683a792e06045bda41265b948d3a097","fce65b80808d45c7980f3b702edfab6b",187,756
"fe49f8054b374a0ea4bb266ed135ff62","MITxPRO+LASERxB1+1T2019","problem",335,"c817646518c54dc6855d2642310f33d6","6683a792e06045bda41265b948d3a097","fce65b80808d45c7980f3b702edfab6b",188,683
"d0a8f74af98642fe8360d22c42e45117","MITxPRO+LASERxB1+1T2019","problem",336,"c817646518c54dc6855d2642310f33d6","6683a792e06045bda41265b948d3a097","fce65b80808d45c7980f3b702edfab6b",188,634
"b8b9418ab322418d9db9b40d96af873a","MITxPRO+LASERxB1+1T2019","html",337,"c817646518c54dc6855d2642310f33d6","6683a792e06045bda41265b948d3a097","d4d22d80995644cf978a4ce27745ec9e",194,349
"c1d727a16f6d4e499496009622516e42","MITxPRO+LASERxB1+1T2019","html",338,"c817646518c54dc6855d2642310f33d6","6683a792e06045bda41265b948d3a097","d4d22d80995644cf978a4ce27745ec9e",2,6
"a7c6339ca1da4368a18d471f0519f877","MITxPRO+LASERxB1+1T2019","problem",339,"c817646518c54dc6855d2642310f33d6","6683a792e06045bda41265b948d3a097","d4d22d80995644cf978a4ce27745ec9e",194,429
"c2490bc612d146edbe786556fab3651b","MITxPRO+LASERxB1+1T2019","html",340,"c817646518c54dc6855d2642310f33d6","6683a792e06045bda41265b948d3a097","569f9678e8dd4eada66c115a4ce02674",195,381
"bbc5139ca9024389a94db3a6f47dcff6","MITxPRO+LASERxB1+1T2019","video",341,"c817646518c54dc6855d2642310f33d6","6683a792e06045bda41265b948d3a097","569f9678e8dd4eada66c115a4ce02674",193,843
"19893fec4c0d434cbd1f12a347c991a1","MITxPRO+LASERxB1+1T2019","html",342,"c817646518c54dc6855d2642310f33d6","6683a792e06045bda41265b948d3a097","569f9678e8dd4eada66c115a4ce02674",0,0
"4ee6ca9019ab4a1ab323f98094a9bd77","MITxPRO+LASERxB1+1T2019","problem",343,"c817646518c54dc6855d2642310f33d6","6683a792e06045bda41265b948d3a097","569f9678e8dd4eada66c115a4ce02674",188,666
"b37947176785476f8b29d49a851366dc","MITxPRO+LASERxB1+1T2019","problem",344,"c817646518c54dc6855d2642310f33d6","6683a792e06045bda41265b948d3a097","569f9678e8dd4eada66c115a4ce02674",188,632
"fcea5b10d5a14a3b9324ffece8f6e1e5","MITxPRO+LASERxB1+1T2019","problem",345,"c817646518c54dc6855d2642310f33d6","6683a792e06045bda41265b948d3a097","569f9678e8dd4eada66c115a4ce02674",188,763
"4a92daef4d504e1792575a26502bb7b7","MITxPRO+LASERxB1+1T2019","html",346,"c817646518c54dc6855d2642310f33d6","6683a792e06045bda41265b948d3a097","234c5f4f20c44d308a52954662add0f9",61,103
"6ac8bb048b854999a47edb35fe627f11","MITxPRO+LASERxB1+1T2019","problem",347,"c817646518c54dc6855d2642310f33d6","6683a792e06045bda41265b948d3a097","234c5f4f20c44d308a52954662add0f9",194,426
"30ead9794d4847abaf222ca966cc8630","MITxPRO+LASERxB1+1T2019","html",348,"c817646518c54dc6855d2642310f33d6","4f26de04597745049a74f6bffcd05c0d","f0191a8b987d4a38bdee8b6a56e5f486",195,1248
"568fab6c935d4be6925c261344494c53","MITxPRO+LASERxB1+1T2019","html",349,"c817646518c54dc6855d2642310f33d6","4f26de04597745049a74f6bffcd05c0d","f0191a8b987d4a38bdee8b6a56e5f486",1,2
"658eea055f3b4a25b77736d6ce95d29a","MITxPRO+LASERxB1+1T2019","html",350,"c817646518c54dc6855d2642310f33d6","4f26de04597745049a74f6bffcd05c0d","f0191a8b987d4a38bdee8b6a56e5f486",0,0
"c20993c944444fe085345591a8bd837e","MITxPRO+LASERxB1+1T2019","survey",351,"c817646518c54dc6855d2642310f33d6","4f26de04597745049a74f6bffcd05c0d","f0191a8b987d4a38bdee8b6a56e5f486",195,1448
"897b7f51242c44aab2205c72fdcbf4cd","MITxPRO+LASERxB1+1T2019","poll",352,"c817646518c54dc6855d2642310f33d6","4f26de04597745049a74f6bffcd05c0d","f0191a8b987d4a38bdee8b6a56e5f486",195,1469
"09b9678ddc3d452ea4a3d46e15826065","MITxPRO+LASERxB1+1T2019","poll",353,"c817646518c54dc6855d2642310f33d6","4f26de04597745049a74f6bffcd05c0d","f0191a8b987d4a38bdee8b6a56e5f486",195,1474
"eff0de7f2dbb42dfa1a2e686efab5b6d","MITxPRO+LASERxB1+1T2019","poll",354,"c817646518c54dc6855d2642310f33d6","4f26de04597745049a74f6bffcd05c0d","f0191a8b987d4a38bdee8b6a56e5f486",195,1477
"1ba8fef685d74a8194b9db252eb704fb","MITxPRO+LASERxB1+1T2019","html",355,"c817646518c54dc6855d2642310f33d6","4f26de04597745049a74f6bffcd05c0d","f922b56fc8c34f289208790c55df6182",194,401
"82662996e73d4e4c812e65ddf0fc99c1","MITxPRO+LASERxB1+1T2019","html",356,"c817646518c54dc6855d2642310f33d6","4f26de04597745049a74f6bffcd05c0d","f922b56fc8c34f289208790c55df6182",1,2
"2fe14166dc9642c3bc666b86a57f943d","MITxPRO+LASERxB1+1T2019","video",357,"c817646518c54dc6855d2642310f33d6","4f26de04597745049a74f6bffcd05c0d","f922b56fc8c34f289208790c55df6182",193,1013
"b7e414253181435db7d63b239030934a","MITxPRO+LASERxB1+1T2019","html",358,"c817646518c54dc6855d2642310f33d6","4f26de04597745049a74f6bffcd05c0d","f922b56fc8c34f289208790c55df6182",0,0
"44421dd1e13a47a388c4a19834b744c7","MITxPRO+LASERxB1+1T2019","problem",359,"c817646518c54dc6855d2642310f33d6","4f26de04597745049a74f6bffcd05c0d","f922b56fc8c34f289208790c55df6182",190,659
"cb5fc7ef85d547c4be1a7439d0bf6052","MITxPRO+LASERxB1+1T2019","problem",360,"c817646518c54dc6855d2642310f33d6","4f26de04597745049a74f6bffcd05c0d","f922b56fc8c34f289208790c55df6182",189,751
"0a8f150a4cf747acbde62f4721823da3","MITxPRO+LASERxB1+1T2019","problem",361,"c817646518c54dc6855d2642310f33d6","4f26de04597745049a74f6bffcd05c0d","f922b56fc8c34f289208790c55df6182",188,699
"ab8fdad974ae471f9f24c3f9dd04462e","MITxPRO+LASERxB1+1T2019","problem",362,"c817646518c54dc6855d2642310f33d6","4f26de04597745049a74f6bffcd05c0d","f922b56fc8c34f289208790c55df6182",186,613
"f00179e251a045b39c3f7a54f9aa4acc","MITxPRO+LASERxB1+1T2019","html",363,"c817646518c54dc6855d2642310f33d6","4f26de04597745049a74f6bffcd05c0d","8c84a1bd72194187b26afc6485521151",193,371
"52580888dadb4fe3baa795683ea227bd","MITxPRO+LASERxB1+1T2019","video",364,"c817646518c54dc6855d2642310f33d6","4f26de04597745049a74f6bffcd05c0d","8c84a1bd72194187b26afc6485521151",194,804
"072a190fd302456290895f9f04d6940a","MITxPRO+LASERxB1+1T2019","html",365,"c817646518c54dc6855d2642310f33d6","4f26de04597745049a74f6bffcd05c0d","faf3e2dbab1444fd8a2ea734cd7ebbc8",193,369
"492a3bc6a1254f23a7998587961b22a4","MITxPRO+LASERxB1+1T2019","video",366,"c817646518c54dc6855d2642310f33d6","4f26de04597745049a74f6bffcd05c0d","faf3e2dbab1444fd8a2ea734cd7ebbc8",192,669
"c76574d21bc14aeea7ecd0b027f39858","MITxPRO+LASERxB1+1T2019","html",367,"c817646518c54dc6855d2642310f33d6","4f26de04597745049a74f6bffcd05c0d","90340ff0285747a78d0d43a1768ad066",86,143
"4894febf79464162afc4924745282de4","MITxPRO+LASERxB1+1T2019","html",368,"c817646518c54dc6855d2642310f33d6","4f26de04597745049a74f6bffcd05c0d","90340ff0285747a78d0d43a1768ad066",0,0
"cfa457d1743848e4bb5e4beced6448ed","MITxPRO+LASERxB1+1T2019","problem",369,"c817646518c54dc6855d2642310f33d6","4f26de04597745049a74f6bffcd05c0d","90340ff0285747a78d0d43a1768ad066",191,421
"b71bac264efb4abd97015447bd490db6","MITxPRO+LASERxB1+1T2019","html",370,"c817646518c54dc6855d2642310f33d6","bc27a5df7ee74e5e9ebd49c0e9aba299","6ee74f93935e4a689baded4ccd18609d",194,1776
"0c4193e7b92640a8bed63453172d333b","MITxPRO+LASERxB1+1T2019","html",371,"c817646518c54dc6855d2642310f33d6","bc27a5df7ee74e5e9ebd49c0e9aba299","6ee74f93935e4a689baded4ccd18609d",0,0
"fc0771786a1e405986933843fdfd7eda","MITxPRO+LASERxB1+1T2019","html",372,"c817646518c54dc6855d2642310f33d6","bc27a5df7ee74e5e9ebd49c0e9aba299","6ee74f93935e4a689baded4ccd18609d",3,4
"1b4550d0dab04078b3bf08a655345bdc","MITxPRO+LASERxB1+1T2019","html",373,"c817646518c54dc6855d2642310f33d6","bc27a5df7ee74e5e9ebd49c0e9aba299","2e2b60c7d5194c0482c5aadfea42436b",98,189
"8d448d625b024c82a5eb240bbd7431d6","MITxPRO+LASERxB1+1T2019","openassessment",374,"c817646518c54dc6855d2642310f33d6","bc27a5df7ee74e5e9ebd49c0e9aba299","2e2b60c7d5194c0482c5aadfea42436b",191,14380
"d6d02b6ef04e4f17805504500b8ce441","MITxPRO+LASERxB1+1T2019","lti_consumer",375,"c817646518c54dc6855d2642310f33d6","77b9957fd3cd45b795ee9e02b524fe85","8ed1603a7ed74d26a4bc8f9f5c328d5c",180,2075
"66baf19b6b904b70922329068c63746d","MITxPRO+LASERxB1+1T2019","html",376,"d29f8eb4c2c94731aec53ae1db7feeb5","08f69cdde78c4bc69075602995cb223e","3b9af5f61c1c4ca9a861bf8cc942e899",194,1850
"a355d80f03d64640b19cd1f1c5ea01fc","MITxPRO+LASERxB1+1T2019","html",377,"d29f8eb4c2c94731aec53ae1db7feeb5","08f69cdde78c4bc69075602995cb223e","3b9af5f61c1c4ca9a861bf8cc942e899",3,6
"7f544639412e40a9ba27f43b415362ab","MITxPRO+LASERxB1+1T2019","video",378,"d29f8eb4c2c94731aec53ae1db7feeb5","08f69cdde78c4bc69075602995cb223e","3b9af5f61c1c4ca9a861bf8cc942e899",192,1038
"1f80a3186d46467197068c785d785510","MITxPRO+LASERxB1+1T2019","html",379,"d29f8eb4c2c94731aec53ae1db7feeb5","08f69cdde78c4bc69075602995cb223e","3b9af5f61c1c4ca9a861bf8cc942e899",0,0
"d5ae8642e15b46b8bd298b02274d4e9c","MITxPRO+LASERxB1+1T2019","problem",380,"d29f8eb4c2c94731aec53ae1db7feeb5","08f69cdde78c4bc69075602995cb223e","3b9af5f61c1c4ca9a861bf8cc942e899",189,602
"a0d10309a2dd456289147f84be9d37f9","MITxPRO+LASERxB1+1T2019","problem",381,"d29f8eb4c2c94731aec53ae1db7feeb5","08f69cdde78c4bc69075602995cb223e","3b9af5f61c1c4ca9a861bf8cc942e899",188,597
"0fcbc3ca07b144138b8d85da581f09a8","MITxPRO+LASERxB1+1T2019","problem",382,"d29f8eb4c2c94731aec53ae1db7feeb5","08f69cdde78c4bc69075602995cb223e","3b9af5f61c1c4ca9a861bf8cc942e899",189,781
"c2fca3669923477ab966ded303dea31c","MITxPRO+LASERxB1+1T2019","html",383,"d29f8eb4c2c94731aec53ae1db7feeb5","08f69cdde78c4bc69075602995cb223e","f07f164c1c8c47bcbaeb75dd44b83c5c",192,308
"da8bc5547a9941a8b30bf4af81f0c9b5","MITxPRO+LASERxB1+1T2019","html",384,"d29f8eb4c2c94731aec53ae1db7feeb5","08f69cdde78c4bc69075602995cb223e","f07f164c1c8c47bcbaeb75dd44b83c5c",0,0
"ea7da9aa77de47aeb8418dc489d62bb4","MITxPRO+LASERxB1+1T2019","html",385,"d29f8eb4c2c94731aec53ae1db7feeb5","08f69cdde78c4bc69075602995cb223e","f07f164c1c8c47bcbaeb75dd44b83c5c",0,0
"471e8615e87449fda771b9f8dad09342","MITxPRO+LASERxB1+1T2019","html",386,"d29f8eb4c2c94731aec53ae1db7feeb5","08f69cdde78c4bc69075602995cb223e","f07f164c1c8c47bcbaeb75dd44b83c5c",0,0
"18d3b836dd804224883cc9180b60a8e1","MITxPRO+LASERxB1+1T2019","html",387,"d29f8eb4c2c94731aec53ae1db7feeb5","08f69cdde78c4bc69075602995cb223e","2e12c27704294f31826342eda8839f2b",192,329
"4890121ce5d74576b4632b77cfc23398","MITxPRO+LASERxB1+1T2019","video",388,"d29f8eb4c2c94731aec53ae1db7feeb5","08f69cdde78c4bc69075602995cb223e","2e12c27704294f31826342eda8839f2b",190,604
"17f95d18bab743888e1736033dc3384d","MITxPRO+LASERxB1+1T2019","html",389,"d29f8eb4c2c94731aec53ae1db7feeb5","08f69cdde78c4bc69075602995cb223e","d38a4025324145faa9e4f447b5e45c9f",192,353
"96bb2b3e85a34d8b9544514e89f6fe97","MITxPRO+LASERxB1+1T2019","video",390,"d29f8eb4c2c94731aec53ae1db7feeb5","08f69cdde78c4bc69075602995cb223e","d38a4025324145faa9e4f447b5e45c9f",191,667
"f5eff82732574037ba029c9a64474b11","MITxPRO+LASERxB1+1T2019","html",391,"d29f8eb4c2c94731aec53ae1db7feeb5","08f69cdde78c4bc69075602995cb223e","d38a4025324145faa9e4f447b5e45c9f",0,0
"ac4e9b54acfe4670b4634859c7263cb5","MITxPRO+LASERxB1+1T2019","problem",392,"d29f8eb4c2c94731aec53ae1db7feeb5","08f69cdde78c4bc69075602995cb223e","d38a4025324145faa9e4f447b5e45c9f",185,511
"f7002c8484354eceac57bc7bd62c76c1","MITxPRO+LASERxB1+1T2019","html",393,"d29f8eb4c2c94731aec53ae1db7feeb5","08f69cdde78c4bc69075602995cb223e","b6c85fc4e66b4a68ba90c24b95dcad21",193,371
"6f8881a745ac4c358a68b92c3b4abe81","MITxPRO+LASERxB1+1T2019","video",394,"d29f8eb4c2c94731aec53ae1db7feeb5","08f69cdde78c4bc69075602995cb223e","b6c85fc4e66b4a68ba90c24b95dcad21",191,781
"0c12af0a4e7f4002852cf84b2537c161","MITxPRO+LASERxB1+1T2019","html",395,"d29f8eb4c2c94731aec53ae1db7feeb5","08f69cdde78c4bc69075602995cb223e","9f1686a689464c218e9005cb39d89f85",193,330
"253892f03a3a4708bd40d5e665ed9e21","MITxPRO+LASERxB1+1T2019","html",396,"d29f8eb4c2c94731aec53ae1db7feeb5","08f69cdde78c4bc69075602995cb223e","9f1686a689464c218e9005cb39d89f85",0,0
"44a277ea44dc4ae689fab4b82f0b4098","MITxPRO+LASERxB1+1T2019","problem",397,"d29f8eb4c2c94731aec53ae1db7feeb5","08f69cdde78c4bc69075602995cb223e","9f1686a689464c218e9005cb39d89f85",191,419
"df8191ec5e584c838a899c378941a566","MITxPRO+LASERxB1+1T2019","html",398,"d29f8eb4c2c94731aec53ae1db7feeb5","08f69cdde78c4bc69075602995cb223e","223ad33c560c4c9f995efb3323c3b19f",37,57
"859e0b8d71694b12befb69ee698138f9","MITxPRO+LASERxB1+1T2019","problem",399,"d29f8eb4c2c94731aec53ae1db7feeb5","08f69cdde78c4bc69075602995cb223e","223ad33c560c4c9f995efb3323c3b19f",192,413
"2b09a08242b54983aec7063990fb3f66","MITxPRO+LASERxB1+1T2019","video",400,"d29f8eb4c2c94731aec53ae1db7feeb5","90bbca220997432d966df57b24a59225","745c2be696274b38b45e09e91f8c5c7c",193,2217
"1f471b7a883a4df48211e8c6a81b59a7","MITxPRO+LASERxB1+1T2019","problem",401,"d29f8eb4c2c94731aec53ae1db7feeb5","90bbca220997432d966df57b24a59225","745c2be696274b38b45e09e91f8c5c7c",189,428
"d0d286b8573b47fc807bdca687083cfb","MITxPRO+LASERxB1+1T2019","html",402,"d29f8eb4c2c94731aec53ae1db7feeb5","90bbca220997432d966df57b24a59225","745c2be696274b38b45e09e91f8c5c7c",0,0
"1157bd665ec4472fb58b751dc5099355","MITxPRO+LASERxB1+1T2019","html",403,"d29f8eb4c2c94731aec53ae1db7feeb5","90bbca220997432d966df57b24a59225","803111ace40d4fc7bd47717f4b60f3ac",193,315
"9de0d567bfa84fe5b77cb76f4a76a5d1","MITxPRO+LASERxB1+1T2019","problem",404,"d29f8eb4c2c94731aec53ae1db7feeb5","90bbca220997432d966df57b24a59225","803111ace40d4fc7bd47717f4b60f3ac",190,434
"3c8a22d2f9c146ea956609e3ed4f2559","MITxPRO+LASERxB1+1T2019","html",405,"d29f8eb4c2c94731aec53ae1db7feeb5","90bbca220997432d966df57b24a59225","1e346362c20b418d88a5ed2eb66a2dc4",189,302
"58fc9094275e4c49be3f4ba6d4acc0a4","MITxPRO+LASERxB1+1T2019","video",406,"d29f8eb4c2c94731aec53ae1db7feeb5","90bbca220997432d966df57b24a59225","5e736af23d4342e884202a98b1c2369f",192,1025
"c1c1be90b2b14c1ab4a5e1ee3c241902","MITxPRO+LASERxB1+1T2019","problem",407,"d29f8eb4c2c94731aec53ae1db7feeb5","90bbca220997432d966df57b24a59225","5e736af23d4342e884202a98b1c2369f",184,1173
"02b3a1bead9244c1ba2f857c7da8f82a","MITxPRO+LASERxB1+1T2019","video",408,"d29f8eb4c2c94731aec53ae1db7feeb5","90bbca220997432d966df57b24a59225","8ebae4a4ef094f0197dc0455c4ce8cba",191,963
"6206fc6479014bb193084c32409dc1b9","MITxPRO+LASERxB1+1T2019","problem",409,"d29f8eb4c2c94731aec53ae1db7feeb5","90bbca220997432d966df57b24a59225","8ebae4a4ef094f0197dc0455c4ce8cba",185,705
"6a5f020451db426dacba9e2ea3fcc62a","MITxPRO+LASERxB1+1T2019","video",410,"d29f8eb4c2c94731aec53ae1db7feeb5","90bbca220997432d966df57b24a59225","08ef5adaf33d4dd0a8b5740e5c845061",190,938
"33a9d248b2e44588a5b07fc1342b9bc2","MITxPRO+LASERxB1+1T2019","video",411,"d29f8eb4c2c94731aec53ae1db7feeb5","90bbca220997432d966df57b24a59225","2c84db63813c43e49e65fbaf07123a27",191,1075
"c6f26bd420634f1cb7989e76fe6b16c0","MITxPRO+LASERxB1+1T2019","problem",412,"d29f8eb4c2c94731aec53ae1db7feeb5","90bbca220997432d966df57b24a59225","2c84db63813c43e49e65fbaf07123a27",183,1184
"2a65ee6e2ac64f6a8a55fbe5373ec763","MITxPRO+LASERxB1+1T2019","problem",413,"d29f8eb4c2c94731aec53ae1db7feeb5","90bbca220997432d966df57b24a59225","2c84db63813c43e49e65fbaf07123a27",186,628
"687055dad9fc40c3982478fe33ec01bf","MITxPRO+LASERxB1+1T2019","html",414,"d29f8eb4c2c94731aec53ae1db7feeb5","90bbca220997432d966df57b24a59225","61dc743c4d024b3295f1377299e1fe37",191,337
"1fd0f6dadbc14ebc965faf6122190b96","MITxPRO+LASERxB1+1T2019","problem",415,"d29f8eb4c2c94731aec53ae1db7feeb5","90bbca220997432d966df57b24a59225","61dc743c4d024b3295f1377299e1fe37",189,419
"2add1669f08d4101913db15f8c23b3b7","MITxPRO+LASERxB1+1T2019","problem",416,"d29f8eb4c2c94731aec53ae1db7feeb5","90bbca220997432d966df57b24a59225","1c62f375873d423e92d7f4ac52cfb7e6",189,474
"a2b4bd40cee2481ebd3fc179d6a5cd62","MITxPRO+LASERxB1+1T2019","html",417,"d29f8eb4c2c94731aec53ae1db7feeb5","d26fbeb531e240e193b2e149b0adba6e","9a865becf4c746b6a3defcf138f09fd5",192,1126
"4112ff99f0fd4d0fb8f4cbbcb34436d4","MITxPRO+LASERxB1+1T2019","html",418,"d29f8eb4c2c94731aec53ae1db7feeb5","d26fbeb531e240e193b2e149b0adba6e","9a865becf4c746b6a3defcf138f09fd5",3,7
"e34e59dce2204f228f3a84b6725df60f","MITxPRO+LASERxB1+1T2019","problem",419,"d29f8eb4c2c94731aec53ae1db7feeb5","d26fbeb531e240e193b2e149b0adba6e","9a865becf4c746b6a3defcf138f09fd5",191,405
"bec48fc2e1294c7eb3d0aca780d731b8","MITxPRO+LASERxB1+1T2019","video",420,"d29f8eb4c2c94731aec53ae1db7feeb5","d26fbeb531e240e193b2e149b0adba6e","6e7e3154f8a44970a69d1b22b6f1c47b",190,1000
"3fec92ad186c423d818a522c6ce08604","MITxPRO+LASERxB1+1T2019","html",421,"d29f8eb4c2c94731aec53ae1db7feeb5","d26fbeb531e240e193b2e149b0adba6e","6e7e3154f8a44970a69d1b22b6f1c47b",2,3
"dbde19fcce2a4c1abdc7f685c293a23f","MITxPRO+LASERxB1+1T2019","html",422,"d29f8eb4c2c94731aec53ae1db7feeb5","d26fbeb531e240e193b2e149b0adba6e","58cb81ae4ffa4c2abb39662701f83822",187,281
"23c4f975457c49199a59bfbc5150e425","MITxPRO+LASERxB1+1T2019","html",423,"d29f8eb4c2c94731aec53ae1db7feeb5","d26fbeb531e240e193b2e149b0adba6e","58cb81ae4ffa4c2abb39662701f83822",0,0
"d83c5c9ee3df49f38c3dda6fcc3184da","MITxPRO+LASERxB1+1T2019","html",424,"d29f8eb4c2c94731aec53ae1db7feeb5","d26fbeb531e240e193b2e149b0adba6e","58cb81ae4ffa4c2abb39662701f83822",0,0
"a24600b0e49245f6bdba8c893cfeddb0","MITxPRO+LASERxB1+1T2019","video",425,"d29f8eb4c2c94731aec53ae1db7feeb5","d26fbeb531e240e193b2e149b0adba6e","7515347c00b84ad99c74c1e1cdeca6f3",186,942
"5d290f75e44b4bdb8256c600debbb44d","MITxPRO+LASERxB1+1T2019","html",426,"d29f8eb4c2c94731aec53ae1db7feeb5","d26fbeb531e240e193b2e149b0adba6e","1c354278960945ef8356838fa16c3f23",24,37
"1edfe48746384344b51260b2bb74d95b","MITxPRO+LASERxB1+1T2019","html",427,"d29f8eb4c2c94731aec53ae1db7feeb5","d26fbeb531e240e193b2e149b0adba6e","32666fc2ae534135ab1dca730495d271",0,0
"24cf8786024543f19b89bc20034e60d7","MITxPRO+LASERxB1+1T2019","html",428,"d29f8eb4c2c94731aec53ae1db7feeb5","de63b0e2f0384e15b2fabc45c790e530","845a80d5ea8b41e194d83ebb66fa943b",192,1158
"f2a73be2f46840b182d7bd095378004e","MITxPRO+LASERxB1+1T2019","video",429,"d29f8eb4c2c94731aec53ae1db7feeb5","de63b0e2f0384e15b2fabc45c790e530","845a80d5ea8b41e194d83ebb66fa943b",190,742
"604551fd4266430cb860fef58fa7dd61","MITxPRO+LASERxB1+1T2019","problem",430,"d29f8eb4c2c94731aec53ae1db7feeb5","de63b0e2f0384e15b2fabc45c790e530","845a80d5ea8b41e194d83ebb66fa943b",187,996
"dce46f8904594a62a6377a3587aaa663","MITxPRO+LASERxB1+1T2019","video",431,"d29f8eb4c2c94731aec53ae1db7feeb5","de63b0e2f0384e15b2fabc45c790e530","1c9796019b164edcbe3798148c921a19",191,1183
"9b9d0a249052413c869753b99682b0ac","MITxPRO+LASERxB1+1T2019","problem",432,"d29f8eb4c2c94731aec53ae1db7feeb5","de63b0e2f0384e15b2fabc45c790e530","1c9796019b164edcbe3798148c921a19",186,840
"061c175cc90f45fbad883025394e78dd","MITxPRO+LASERxB1+1T2019","problem",433,"d29f8eb4c2c94731aec53ae1db7feeb5","de63b0e2f0384e15b2fabc45c790e530","1c9796019b164edcbe3798148c921a19",185,907
"66ada10dde9f43018588f1ced9d477fc","MITxPRO+LASERxB1+1T2019","html",434,"d29f8eb4c2c94731aec53ae1db7feeb5","de63b0e2f0384e15b2fabc45c790e530","76cbae68790d4426903e234946e1e3b7",190,332
"74a7f8712e5449c2bc0b43c6f90dafed","MITxPRO+LASERxB1+1T2019","problem",435,"d29f8eb4c2c94731aec53ae1db7feeb5","de63b0e2f0384e15b2fabc45c790e530","76cbae68790d4426903e234946e1e3b7",188,415
"bf12c96466d840a69bed7020b3f18bb8","MITxPRO+LASERxB1+1T2019","problem",436,"d29f8eb4c2c94731aec53ae1db7feeb5","de63b0e2f0384e15b2fabc45c790e530","9e334cd68a2341e9aab1bd6628e184d0",188,463
"070600601c4c439288445d2f0724807d","MITxPRO+LASERxB1+1T2019","html",437,"d29f8eb4c2c94731aec53ae1db7feeb5","55b35386a7a94692a36a37208a64fb9c","d5dd0bf8fc8a4185a598e4158af0fa68",191,1209
"0b57572af4c84478956a833ba2f019bb","MITxPRO+LASERxB1+1T2019","html",438,"d29f8eb4c2c94731aec53ae1db7feeb5","55b35386a7a94692a36a37208a64fb9c","d5dd0bf8fc8a4185a598e4158af0fa68",0,0
"1823b6de7d334a7aaabc4570719af4d9","MITxPRO+LASERxB1+1T2019","drag-and-drop-v2",439,"d29f8eb4c2c94731aec53ae1db7feeb5","55b35386a7a94692a36a37208a64fb9c","d5dd0bf8fc8a4185a598e4158af0fa68",191,3037
"0380cd76a7d44bc3a4da1f15e4d68f89","MITxPRO+LASERxB1+1T2019","video",440,"d29f8eb4c2c94731aec53ae1db7feeb5","55b35386a7a94692a36a37208a64fb9c","02c92d8e56824ffb928b415cbc76e3f5",189,948
"23b7673c8b5443108c2ef09382834a86","MITxPRO+LASERxB1+1T2019","video",441,"d29f8eb4c2c94731aec53ae1db7feeb5","55b35386a7a94692a36a37208a64fb9c","06cc8d23287c41979e0cf1fd1a49d619",187,970
"901e92500aea43c79f19f1b279050668","MITxPRO+LASERxB1+1T2019","video",442,"d29f8eb4c2c94731aec53ae1db7feeb5","55b35386a7a94692a36a37208a64fb9c","a3f1af71b0ec49579a9f08968a4ba2cd",188,881
"001339db8ced4cf78829ebe8b145449d","MITxPRO+LASERxB1+1T2019","problem",443,"d29f8eb4c2c94731aec53ae1db7feeb5","55b35386a7a94692a36a37208a64fb9c","a3f1af71b0ec49579a9f08968a4ba2cd",179,1281
"452745e0366e42ae81561bfddebcc6c3","MITxPRO+LASERxB1+1T2019","problem",444,"d29f8eb4c2c94731aec53ae1db7feeb5","55b35386a7a94692a36a37208a64fb9c","a3f1af71b0ec49579a9f08968a4ba2cd",179,735
"4660ff2089114e8db82ceb26a4f329e3","MITxPRO+LASERxB1+1T2019","video",445,"d29f8eb4c2c94731aec53ae1db7feeb5","55b35386a7a94692a36a37208a64fb9c","8611605c371e434786b93e72974e03a9",186,881
"7bd5586eb9d8484eb74a433ee7bfe499","MITxPRO+LASERxB1+1T2019","drag-and-drop-v2",446,"d29f8eb4c2c94731aec53ae1db7feeb5","55b35386a7a94692a36a37208a64fb9c","27ee28c6412a4c19bc7233e595f9db0e",187,3197
"8a7f26e690f34dda97be16904518ca99","MITxPRO+LASERxB1+1T2019","problem",447,"d29f8eb4c2c94731aec53ae1db7feeb5","55b35386a7a94692a36a37208a64fb9c","ab72bb18944a4290bce57c5b2aebe5e5",186,475
"a25adff793e24490b14ab8b50ca90a82","MITxPRO+LASERxB1+1T2019","video",448,"d29f8eb4c2c94731aec53ae1db7feeb5","55b35386a7a94692a36a37208a64fb9c","99e6c5c123004d5ba01a2e4498fd4a0d",0,0
"b2f0d654738f48158edff28e8d3a546e","MITxPRO+LASERxB1+1T2019","html",449,"d29f8eb4c2c94731aec53ae1db7feeb5","bfcc01a7ff7a4f99becf529c782321e0","5dfbe62896464a30a27886d9a4dae33b",190,1396
"18882a995f104cba9bb65d9bec58d1de","MITxPRO+LASERxB1+1T2019","html",450,"d29f8eb4c2c94731aec53ae1db7feeb5","bfcc01a7ff7a4f99becf529c782321e0","5dfbe62896464a30a27886d9a4dae33b",0,0
"512364d4619742bb9e4e531f07ceaed7","MITxPRO+LASERxB1+1T2019","html",451,"d29f8eb4c2c94731aec53ae1db7feeb5","bfcc01a7ff7a4f99becf529c782321e0","5dfbe62896464a30a27886d9a4dae33b",3,8
"9428d8bd9c5a47b2a235b254e5e27ded","MITxPRO+LASERxB1+1T2019","html",452,"d29f8eb4c2c94731aec53ae1db7feeb5","bfcc01a7ff7a4f99becf529c782321e0","523f983618a34793afb1d98abd43a141",78,142
"f60ee41ec635499abd48168342d32c2f","MITxPRO+LASERxB1+1T2019","openassessment",453,"d29f8eb4c2c94731aec53ae1db7feeb5","bfcc01a7ff7a4f99becf529c782321e0","523f983618a34793afb1d98abd43a141",183,11955
"f67fbf45a5f146ed866965bc57c7c001","MITxPRO+LASERxB1+1T2019","problem",454,"d29f8eb4c2c94731aec53ae1db7feeb5","5b3995f2dce44321bd04ecdcede724d7","496685341c4d422c8ab0628d592c9e4e",184,1137
"d937afe49bd24a07a550dda1c1155122","MITxPRO+LASERxB1+1T2019","problem",455,"d29f8eb4c2c94731aec53ae1db7feeb5","5b3995f2dce44321bd04ecdcede724d7","496685341c4d422c8ab0628d592c9e4e",184,537
"3628b3f7823443d0912a339096b69943","MITxPRO+LASERxB1+1T2019","problem",456,"d29f8eb4c2c94731aec53ae1db7feeb5","5b3995f2dce44321bd04ecdcede724d7","496685341c4d422c8ab0628d592c9e4e",183,395
"9e049ee647cf43ecbcb5ed792a8e7588","MITxPRO+LASERxB1+1T2019","problem",457,"d29f8eb4c2c94731aec53ae1db7feeb5","5b3995f2dce44321bd04ecdcede724d7","496685341c4d422c8ab0628d592c9e4e",184,393
"5256a214faaf410b93f76cea06428334","MITxPRO+LASERxB1+1T2019","problem",458,"d29f8eb4c2c94731aec53ae1db7feeb5","5b3995f2dce44321bd04ecdcede724d7","496685341c4d422c8ab0628d592c9e4e",184,387
"25c32b120fce40fa9b6c85133aeb4716","MITxPRO+LASERxB1+1T2019","problem",459,"d29f8eb4c2c94731aec53ae1db7feeb5","5b3995f2dce44321bd04ecdcede724d7","496685341c4d422c8ab0628d592c9e4e",184,599
"11bc14f2204949008b7d511b933363c1","MITxPRO+LASERxB1+1T2019","problem",460,"d29f8eb4c2c94731aec53ae1db7feeb5","5b3995f2dce44321bd04ecdcede724d7","496685341c4d422c8ab0628d592c9e4e",184,592
"42de338840a34d15adb66e7b14fb9d2c","MITxPRO+LASERxB1+1T2019","problem",461,"d29f8eb4c2c94731aec53ae1db7feeb5","5b3995f2dce44321bd04ecdcede724d7","496685341c4d422c8ab0628d592c9e4e",184,527
"9da37c6210b1416b8079c274f70bf600","MITxPRO+LASERxB1+1T2019","problem",462,"d29f8eb4c2c94731aec53ae1db7feeb5","5b3995f2dce44321bd04ecdcede724d7","496685341c4d422c8ab0628d592c9e4e",184,566
"519119f1deac45ff9ab4f13529be5c6e","MITxPRO+LASERxB1+1T2019","problem",463,"d29f8eb4c2c94731aec53ae1db7feeb5","5b3995f2dce44321bd04ecdcede724d7","496685341c4d422c8ab0628d592c9e4e",184,478
"c5df9f40ec14463b9dcfdc73df3e9285","MITxPRO+LASERxB1+1T2019","lti_consumer",464,"d29f8eb4c2c94731aec53ae1db7feeb5","d0d9379133a8427fb0a48a2e73f9b387","6fc30bb5d2de415dad0d127621d17ba0",183,1225
"83d42d95cd844fc093fc09cee250edb8","MITxPRO+LASERxB1+1T2019","video",465,"d29f8eb4c2c94731aec53ae1db7feeb5","cc479ee4731548daab19d1617312366d","05e7223b63e240bc830bd61f27e227b5",165,1262
"7e20f8b8dbef4748ba3bd5df1fc7bed1","MITxPRO+LASERxB1+1T2019","problem",466,"8867c5492c904074ad1c1efeaa4c5ab7","88f8780e09f84917a8602abbc73ec24d","54f366ac17b34bce9ca585362b400a84",0,0
"203ad1369adc463dacb9927b912dd2b9","MITxPRO+LASERxB1+1T2019","problem",467,"8867c5492c904074ad1c1efeaa4c5ab7","88f8780e09f84917a8602abbc73ec24d","54f366ac17b34bce9ca585362b400a84",0,0
"87331a0e161946c7837117598d1d2958","MITxPRO+LASERxB1+1T2019","problem",468,"8867c5492c904074ad1c1efeaa4c5ab7","88f8780e09f84917a8602abbc73ec24d","54f366ac17b34bce9ca585362b400a84",0,0
"79a795dbdc644bb5a065d2c9b2bfd499","MITxPRO+LASERxB1+1T2019","problem",469,"8867c5492c904074ad1c1efeaa4c5ab7","88f8780e09f84917a8602abbc73ec24d","54f366ac17b34bce9ca585362b400a84",0,0
"4d10e81bc1a34270baaa14851bb3267b","MITxPRO+LASERxB1+1T2019","problem",470,"8867c5492c904074ad1c1efeaa4c5ab7","88f8780e09f84917a8602abbc73ec24d","54f366ac17b34bce9ca585362b400a84",0,0
"e480a5b467db4ed0a41eda04dfcf6abe","MITxPRO+LASERxB1+1T2019","openassessment",471,"8867c5492c904074ad1c1efeaa4c5ab7","88f8780e09f84917a8602abbc73ec24d","54f366ac17b34bce9ca585362b400a84",0,0
"88172a7cb8334a1a96d27a64ff45de27","MITxPRO+LASERxB1+1T2019","drag-and-drop-v2",472,"8867c5492c904074ad1c1efeaa4c5ab7","88f8780e09f84917a8602abbc73ec24d","54f366ac17b34bce9ca585362b400a84",0,0
"b36798163c3f4236bd7939a21cc8cdc7","MITxPRO+LASERxB1+1T2019","drag-and-drop-v2",473,"2778d15c816649d0876c55de5adccd61","572bb350c2d94d4db04bd7f356e9aa69","956a4b225f5441d9a76e0d555d5ca654",0,0
"7063da5bb3274612ade4644d4156adf1","MITxPRO+LASERxB1+1T2019","drag-and-drop-v2",474,"2778d15c816649d0876c55de5adccd61","572bb350c2d94d4db04bd7f356e9aa69","956a4b225f5441d9a76e0d555d5ca654",0,0
"a0adf066ca9f4a1aa22ae4e80eb2f0d3","MITxPRO+LASERxB1+1T2019","problem",475,"2778d15c816649d0876c55de5adccd61","572bb350c2d94d4db04bd7f356e9aa69","956a4b225f5441d9a76e0d555d5ca654",0,0
