id,order,courseID,x,y
401ee1f6f3684be7b6124490f34adc5a,1,MITxPRO+AMxB+1T2018,3320.646f,1849.8555f
27bf430c96cb4d8da7368c4697de187b,2,MITxPRO+AMxB+1T2018,3294.163f,1790.2518f
0fec97a46b71456d9d9037e5edac7bb0,3,MITxPRO+AMxB+1T2018,3329.961f,2021.0798f
9b9fc7fd30954d7d9ad7d8f8e1cc11d8,4,MITxPRO+AMxB+1T2018,3232.3418f,1825.8632f
04d85100616943f8a3d2b084f403ba5f,5,MITxPRO+AMxB+1T2018,3144.6797f,1783.7239f
d538c2a9c6004cc3b62a2514ff7d24f5,6,MITxPRO+AMxB+1T2018,2993.4106f,1710.892f
8f607acba97e43d5b0426a4cccc4e61f,7,MITxPRO+AMxB+1T2018,3049.9202f,1862.644f
ea676035d8d84252b7c2c117a74dfe5d,8,MITxPRO+AMxB+1T2018,2862.429f,1753.7063f
fdccb644786547c5893474584cdfd58b,9,MITxPRO+AMxB+1T2018,2785.0908f,1775.809f
53e13f644d1f4c73ba7f5bfd8020e71f,10,MITxPRO+AMxB+1T2018,2722.1494f,1797.1642f
2f6febb9f2514c06827aa6a4bfe1e69d,11,MITxPRO+AMxB+1T2018,2644.1875f,1831.3956f
44acee2074d5456593cfdab9b680dcab,12,MITxPRO+AMxB+1T2018,1927.3363f,1934.9159f
7e3aba021b714e3180b14422eaf7cacb,13,MITxPRO+AMxB+1T2018,-1313.472f,4057.8022f
f17dc8f749c043d78ae4dfe383e55009,14,MITxPRO+AMxB+1T2018,-3914.6223f,404.53168f
a0077e8aad874abba1a1ec5c20ca947b,15,MITxPRO+AMxB+1T2018,-3816.4043f,-1915.7836f
7bb3394632054742b3fff216a77b015e,16,MITxPRO+AMxB+1T2018,-1287.5342f,4123.7607f
08823b78df0e4a3eb4c35cb2b838dee3,17,MITxPRO+AMxB+1T2018,-3584.1277f,-1202.0526f
c3c0f88fff1f4523b144a41a6c2dbcd6,18,MITxPRO+AMxB+1T2018,-1197.4114f,-4435.18f
3cce707300cc4bb99e13edcd32209318,19,MITxPRO+AMxB+1T2018,4421.9985f,765.42554f
089719b517f043f5b39636578e7ee001,20,MITxPRO+AMxB+1T2018,2817.9824f,1164.5851f
a67e937f9f1941a9bb6052316e2f2fc4,21,MITxPRO+AMxB+1T2018,2564.6067f,1855.1688f
2349ef7ca9ce436caad6190a30656821,22,MITxPRO+AMxB+1T2018,-4138.149f,37.014435f
5e49b3b1846c46a188f097e6520c706a,23,MITxPRO+AMxB+1T2018,-3655.9438f,2863.9116f
2a112bc1a1e048129e8e68e170e39248,24,MITxPRO+AMxB+1T2018,-4150.977f,77.74549f
7c052992ccd9437b9b017f4a234bb68c,25,MITxPRO+AMxB+1T2018,-4103.758f,769.94257f
3bb9151bb02b44c1ab2befefde55671a,26,MITxPRO+AMxB+1T2018,4433.781f,668.50714f
918870b390684763bcf0b9c3378c6996,27,MITxPRO+AMxB+1T2018,4798.847f,453.2759f
e42dc56d1f8d46ef902e3d38a93e0324,28,MITxPRO+AMxB+1T2018,2501.3745f,1883.3284f
63ef1fedf15b403ca346c0f4fdc8f5f0,29,MITxPRO+AMxB+1T2018,1888.3618f,1675.5837f
2e1dcff64f8741438099a3b28ba6c42d,30,MITxPRO+AMxB+1T2018,2432.2898f,1921.2015f
c140d98e51f54581a920893152b0f146,31,MITxPRO+AMxB+1T2018,-2943.869f,3356.529f
25021407d2a44c0fa46f4da39b61fe4f,32,MITxPRO+AMxB+1T2018,-4100.217f,975.84735f
b2b776cf636d43d6aa8a52e423152e95,33,MITxPRO+AMxB+1T2018,4389.0913f,865.51544f
e1ff89042b1e4cadb4f35e7242eaa6fb,34,MITxPRO+AMxB+1T2018,-3983.4165f,617.345f
d2dbdeb207154c9ea7d8352623a66120,35,MITxPRO+AMxB+1T2018,-3931.2302f,-1627.542f
31c64d65a2a64134a5c3d04a58fea33d,36,MITxPRO+AMxB+1T2018,2644.757f,-3725.457f
15f09ebf2d5a45c092b05b8bd0cd7eca,37,MITxPRO+AMxB+1T2018,4289.7354f,1188.7817f
8357d3333918468189fd75d0c4a4efea,38,MITxPRO+AMxB+1T2018,-2506.0146f,-4069.2385f
2c1571ccf4ea48f190dede924d64978a,39,MITxPRO+AMxB+1T2018,-3477.064f,-3058.6147f
1b1d901e57774ed4aac7ad952c9bb03d,40,MITxPRO+AMxB+1T2018,-3182.226f,2821.6047f
1a49b1a14dc74ea4a854a58957a1ff70,41,MITxPRO+AMxB+1T2018,-2108.9421f,-4219.423f
2e3b229ed3c6436dbb293d0bede84f69,42,MITxPRO+AMxB+1T2018,4056.6958f,-2180.0605f
900887df98e3499f8fd3ca09e1e84d3a,43,MITxPRO+AMxB+1T2018,2385.3337f,1851.2932f
5769eefe272745138fb9673656879d27,44,MITxPRO+AMxB+1T2018,4371.3457f,1013.78284f
8e1e4a26d798445eb4f2208dbbe4c304,45,MITxPRO+AMxB+1T2018,-3858.986f,2586.728f
c26a191d2d854bc08f0bb2d00bddf949,46,MITxPRO+AMxB+1T2018,4103.3433f,1481.2955f
25a124a430454bd69482e68f5986c640,47,MITxPRO+AMxB+1T2018,-3387.3586f,2701.1907f
7b686383e2454b26ae0a0ba10b69e06c,48,MITxPRO+AMxB+1T2018,1480.1454f,-3340.9482f
b51078e21eba44668c93e67fe7da4a5d,49,MITxPRO+AMxB+1T2018,-4223.3105f,-62.85672f
15e0176049e845beb8ac349ecf13d64c,50,MITxPRO+AMxB+1T2018,-3806.6892f,2641.3643f
8b07dde95c5549ebbfa523a622a8e25c,51,MITxPRO+AMxB+1T2018,-3832.3691f,-1840.0848f
b23733f5ccd245ed94abb5c5be18c527,52,MITxPRO+AMxB+1T2018,4574.4854f,-172.48524f
1e0eba50184b4098912c35d9442fc4c7,53,MITxPRO+AMxB+1T2018,-3827.6062f,-1978.8704f
5ff13db63251443ab80c02b58c0b485f,54,MITxPRO+AMxB+1T2018,4062.324f,1588.3318f
c5bda766147d4384a2ffeb98f2156679,55,MITxPRO+AMxB+1T2018,1656.0234f,-2864.4587f
e5ccaa6343884bf8a982b312206d099b,56,MITxPRO+AMxB+1T2018,-3615.0164f,-1073.9335f
620b2b987e224746bcabaf23c62d77e9,57,MITxPRO+AMxB+1T2018,-3671.7703f,-1954.9348f
c082eaa9c06548149a3c78284864b030,58,MITxPRO+AMxB+1T2018,3428.542f,-2979.8088f
2fd34d2845b4497d8b01df1e609c7a6d,59,MITxPRO+AMxB+1T2018,3958.9072f,-2301.8416f
b54b3276058d446d9172bb4935fd58be,60,MITxPRO+AMxB+1T2018,-1711.0828f,-505.64145f
5bdb6e60ab5c477f9244243bacb6c984,61,MITxPRO+AMxB+1T2018,2296.8765f,1946.9791f
9c375fe94f4a47fb8074dc6870cf8820,62,MITxPRO+AMxB+1T2018,2544.9692f,2482.4697f
20c18c18d1424607bd03030afc0dabc9,63,MITxPRO+AMxB+1T2018,2563.2673f,2564.9001f
fe15037ed0db47ee8afde8f7847b94e6,64,MITxPRO+AMxB+1T2018,2488.3953f,2567.9065f
f152314aca7a42a9a2e4d5ef6086c76e,65,MITxPRO+AMxB+1T2018,2518.5417f,2623.3477f
2c91f40c1d484adbbe41b43c1dd57fce,66,MITxPRO+AMxB+1T2018,2444.199f,2665.7432f
2060d250adb14c9eb7e7957c563678f0,67,MITxPRO+AMxB+1T2018,2463.0066f,2732.8535f
2bd1769f30ce460b8cf38f3b71207d38,68,MITxPRO+AMxB+1T2018,2885.5425f,3426.372f
b18bcca1d2984ccca2bbab4c41e85de5,69,MITxPRO+AMxB+1T2018,2755.407f,3400.5925f
4d62865512bb40568e055a38622db441,70,MITxPRO+AMxB+1T2018,2983.0461f,3103.3381f
7450b070eb784ee9a9e597d1e0880de2,71,MITxPRO+AMxB+1T2018,2851.6572f,3204.0745f
3763b9f526ae44f2ac2ac49749c15661,72,MITxPRO+AMxB+1T2018,2836.578f,3541.549f
b10ef23438f9466882d17e3f0abd0149,73,MITxPRO+AMxB+1T2018,3007.2957f,3499.803f
c7a622c4d84241c595bc384162598ed1,74,MITxPRO+AMxB+1T2018,3622.1213f,3189.0813f
a137964dcca34365ba31a7563531e07b,75,MITxPRO+AMxB+1T2018,3126.7085f,3478.0325f
5b7be604e0a24022b6e4c88a2391e099,76,MITxPRO+AMxB+1T2018,3690.63f,3309.7427f
5fa68b182e974d6b82927d21dd4e4f9a,77,MITxPRO+AMxB+1T2018,3225.3496f,3481.826f
b0a012fae6fe4eb0af63473d516476b7,78,MITxPRO+AMxB+1T2018,3308.3635f,3507.122f
4be29d7cb0e4400887b4848365b47a4d,79,MITxPRO+AMxB+1T2018,3335.969f,3586.5042f
8288c793632d4a81a50ef5e13bf8911c,80,MITxPRO+AMxB+1T2018,3248.7148f,3613.7656f
083e170a98cc47909270dde338cffbff,81,MITxPRO+AMxB+1T2018,3148.2112f,3600.8064f
043d02d4e89541cdb2c73ca0d2eca377,82,MITxPRO+AMxB+1T2018,2661.458f,3713.113f
1ee01257a4174216a0bf6d64ad67decf,83,MITxPRO+AMxB+1T2018,2838.8735f,3753.4958f
091e476b9c794d019c1660622a3a12f6,84,MITxPRO+AMxB+1T2018,2970.0818f,3803.1328f
d4f85f1570bf4ced82ef64cab4fa68f4,85,MITxPRO+AMxB+1T2018,3013.0906f,3875.7185f
b4e40f400718476dad4c66477ccb68d0,86,MITxPRO+AMxB+1T2018,3274.502f,3964.3494f
ca856b87daac457ab8b54e03644f4264,87,MITxPRO+AMxB+1T2018,2927.5273f,3930.9065f
f0d9ed3b227a456f85ef40f79f56e546,88,MITxPRO+AMxB+1T2018,2856.183f,3991.6628f
d59550403f9b49628189ff34f74d3b3d,89,MITxPRO+AMxB+1T2018,2748.466f,3948.2341f
432e2e03af924d10b164b60c5fcb86a1,90,MITxPRO+AMxB+1T2018,2682.335f,3869.488f
5fe15241fc4840f1a7fb294182265c39,91,MITxPRO+AMxB+1T2018,2458.9683f,3785.5168f
f3cfda7ffa804facb0183da6497283a6,92,MITxPRO+AMxB+1T2018,2314.751f,3864.9756f
d457def4b5744eda84b61b030ba37c4d,93,MITxPRO+AMxB+1T2018,2680.6838f,4306.202f
54ce11d3d7d146868c49330c5988da72,94,MITxPRO+AMxB+1T2018,2402.0386f,3970.262f
391baeed712c4a22b2cf24c3862ebd70,95,MITxPRO+AMxB+1T2018,3874.3413f,474.87555f
4ccb45d574ff4f8eb16c6909f28f2925,96,MITxPRO+AMxB+1T2018,2708.5105f,-3809.4612f
a2df8dacf5ba431998391eab736836e7,97,MITxPRO+AMxB+1T2018,4539.1367f,686.9053f
1afa468dc7ce4b91a590366c2a697707,98,MITxPRO+AMxB+1T2018,2165.5972f,3954.3206f
c69e8c4f31b84da1819bfbd83719e7d2,99,MITxPRO+AMxB+1T2018,2223.3076f,4065.0989f
b30f0577ae11446a85aff7721bcfcf2f,100,MITxPRO+AMxB+1T2018,2312.9922f,4102.5103f
b6a4f407524b40eeb08d984b32836876,101,MITxPRO+AMxB+1T2018,2294.098f,4190.289f
83df58e45bca4a728eb3dcb87532e1a1,102,MITxPRO+AMxB+1T2018,2195.9739f,4184.596f
5fcfdbc511594d9fb3d368bcbc0adf84,103,MITxPRO+AMxB+1T2018,2364.0388f,4465.8335f
1a4bb735ff0049dba3a0633edf68276a,104,MITxPRO+AMxB+1T2018,2105.1555f,4154.9688f
7228edcdafd748a8ba059ace1ec6a202,105,MITxPRO+AMxB+1T2018,2099.8318f,4071.2363f
6ad12d818d9a441c87b8c41450b11f12,106,MITxPRO+AMxB+1T2018,1931.3938f,3972.599f
fc68686f026f4a1c8b21f5339ac0044c,107,MITxPRO+AMxB+1T2018,1901.3245f,4126.651f
550b719286db44248d48173c92970f5b,108,MITxPRO+AMxB+1T2018,2055.1514f,4541.7627f
20ccdcf059974bbea51abef68782ce5c,109,MITxPRO+AMxB+1T2018,1494.4386f,4524.9404f
2afff631870d43df9cf42c91ff1c375f,110,MITxPRO+AMxB+1T2018,1878.3284f,4242.47f
25a120914939487ab01f3e320cb238f4,111,MITxPRO+AMxB+1T2018,1854.3773f,4324.0547f
a8413f2779a14150bf1c83e9f5ea447c,112,MITxPRO+AMxB+1T2018,1780.2896f,4371.4746f
53b450f515af46c3b1eb571ec6d1fd4c,113,MITxPRO+AMxB+1T2018,1743.668f,4284.734f
905f0cf9e2374c818bf1263e9d7e2c00,114,MITxPRO+AMxB+1T2018,1758.3588f,4200.468f
8b1109f1bac740fc8974fb4eca386560,115,MITxPRO+AMxB+1T2018,1642.864f,3826.4055f
d5d74cf927094b04951635356b2c61a0,116,MITxPRO+AMxB+1T2018,1626.7303f,4009.321f
06fc2cf614ba46e1a78252ea143efb8a,117,MITxPRO+AMxB+1T2018,1323.1287f,4468.884f
c9b70711831043beafffd7e1f034a339,118,MITxPRO+AMxB+1T2018,1487.5518f,4063.216f
e22344d128e24de29caa95e6973a6ea7,119,MITxPRO+AMxB+1T2018,1212.6016f,4416.1123f
6dfd127f3e874ed3912d3372db0b3d35,120,MITxPRO+AMxB+1T2018,1467.8549f,3966.505f
75e15653e2d84fcd84a2b1b2c0949dd0,121,MITxPRO+AMxB+1T2018,1518.8192f,3878.5374f
9e07d9bd17d84172858e4e2d7c7f3e4b,122,MITxPRO+AMxB+1T2018,1512.4352f,3652.3367f
c4cb65c90b7145dca401224eabfa1241,123,MITxPRO+AMxB+1T2018,1442.38f,3759.3977f
23ec45e604724c2a84eb5bf1b724de68,124,MITxPRO+AMxB+1T2018,1080.582f,4377.1606f
638d08a4940d462481093ee144f85401,125,MITxPRO+AMxB+1T2018,1382.5526f,3667.4302f
ae7603c14c1643578dfedac1f7b965cd,126,MITxPRO+AMxB+1T2018,944.5688f,4267.7676f
2b9cb425a86f4865825a82fb330fbd6b,127,MITxPRO+AMxB+1T2018,4098.7686f,1581.5321f
2ad839c226ab44539d98e2a1e84e439f,128,MITxPRO+AMxB+1T2018,1418.3036f,3468.5325f
c076a6e427c34d0c99c5bb95cbce05e5,129,MITxPRO+AMxB+1T2018,1355.9214f,3335.0457f
6ac9f21a57ba4218b9e3b13a36f263be,130,MITxPRO+AMxB+1T2018,1555.1996f,3343.0408f
19f5efdd71494972b03a02f445dc98fa,131,MITxPRO+AMxB+1T2018,1462.9308f,3220.842f
d96704d24a68401eaad4628b30fdb889,132,MITxPRO+AMxB+1T2018,1299.5603f,3206.249f
17707229e69e428f8b8350b8c87c157e,133,MITxPRO+AMxB+1T2018,1242.4143f,3124.592f
89f61d355af44e16ac1f9654029f89e0,134,MITxPRO+AMxB+1T2018,1131.3917f,2884.5195f
b3f87007fabf4748901e3caaa1ae7ce1,135,MITxPRO+AMxB+1T2018,1426.8945f,2785.3733f
49bc2f8db38b47f9b378f26dde2a6e64,136,MITxPRO+AMxB+1T2018,1007.1008f,2627.8625f
c7b26f5c177645f8915da5083313c6cf,137,MITxPRO+AMxB+1T2018,1069.3337f,2466.4858f
debd717226334517aafcbf75ca463690,138,MITxPRO+AMxB+1T2018,1959.2725f,2143.629f
ed4ff111f1ec4a51ad19229302d1ffd2,139,MITxPRO+AMxB+1T2018,1693.0591f,2183.153f
d02f35406ea04ba3a7720453a1f354cc,140,MITxPRO+AMxB+1T2018,946.5938f,2397.0598f
dd6d0ae279474847af7841a0c0b4d5a5,141,MITxPRO+AMxB+1T2018,922.1382f,2301.2524f
2b0c1a20f8f441c3ab4e320b0bde00e1,142,MITxPRO+AMxB+1T2018,1613.1831f,1984.7594f
ec173897e6254e50812116be2dc37a94,143,MITxPRO+AMxB+1T2018,847.9315f,2233.8962f
ac3ba61065f84433a945ac8c71b537f4,144,MITxPRO+AMxB+1T2018,782.4251f,2145.9082f
553c1e0f782e43f492dadd97e6bef776,145,MITxPRO+AMxB+1T2018,714.4212f,2031.1509f
902dff85d0d34920814ee3729329d2d2,146,MITxPRO+AMxB+1T2018,829.2115f,1998.8723f
6be9622646964f02a8368b937bd8a304,147,MITxPRO+AMxB+1T2018,894.4829f,1942.6167f
8460c1a442324bf6a54498d85b28cfe0,148,MITxPRO+AMxB+1T2018,840.7562f,1870.0308f
c08a68b3db574534a7bee42ec660d1a3,149,MITxPRO+AMxB+1T2018,751.93256f,1903.6932f
2126522cd4b94bd68b2999261978d881,150,MITxPRO+AMxB+1T2018,543.60693f,1902.9775f
3de7431267b04318bd0e9501f80a019d,151,MITxPRO+AMxB+1T2018,441.98495f,1768.9825f
5cfb1ef0ace24db58889425cf90e8268,152,MITxPRO+AMxB+1T2018,406.4118f,2156.0332f
67aa56ef4f504d889c6068052bab302b,153,MITxPRO+AMxB+1T2018,312.2195f,1810.6448f
353e3386c40d443197f8dd7cd454bf27,154,MITxPRO+AMxB+1T2018,227.02031f,1766.7834f
737b9b6ab4e647879105e210e5fe1807,155,MITxPRO+AMxB+1T2018,630.84595f,1099.2977f
334c250757224648b03c5fcdc8ab25b4,156,MITxPRO+AMxB+1T2018,131.63799f,1793.9266f
35fb6234757c420ea8007b976a49044a,157,MITxPRO+AMxB+1T2018,16.135166f,1798.93f
632447fdff6840a3a11237aa514d7e68,158,MITxPRO+AMxB+1T2018,-127.18725f,1798.3843f
48f524e499d548ea91963ba7ab8ad845,159,MITxPRO+AMxB+1T2018,-85.1827f,1675.0846f
e1d55c63a2bd4a79aca5c750cc7a6c97,160,MITxPRO+AMxB+1T2018,-93.290855f,1589.7126f
bd441ccd067547a89407ec54fa626f06,161,MITxPRO+AMxB+1T2018,-181.1896f,1596.0795f
f7874e47588041b697e73ba41e6e407c,162,MITxPRO+AMxB+1T2018,-212.23715f,1682.77f
26772bf1f08f4f96ab44e6007c4c6976,163,MITxPRO+AMxB+1T2018,-409.35782f,1879.7943f
9b0b3df2c14144d49b56a90c54cb748a,164,MITxPRO+AMxB+1T2018,-563.1079f,1737.3958f
3e4ef77de6bf43dd8ba014f6897dcae6,165,MITxPRO+AMxB+1T2018,-647.7755f,1348.8755f
b44d071a81c142198d7e7ca14f5442f6,166,MITxPRO+AMxB+1T2018,-671.54175f,1883.3402f
2a3d8b5f6991442cbf17871398487920,167,MITxPRO+AMxB+1T2018,-772.08057f,1845.1926f
5e42a1b1cce24e97b69466e3d9d02a98,168,MITxPRO+AMxB+1T2018,-1537.9117f,1272.8425f
6b640336506d4155b1388785aab42fca,169,MITxPRO+AMxB+1T2018,-841.2049f,1949.678f
5b303a0f1b8c4aa4be49f74f2fc89c9e,170,MITxPRO+AMxB+1T2018,-963.7568f,2018.8884f
05777fc145714e21b5bc652ac8cec7cf,171,MITxPRO+AMxB+1T2018,-2170.3418f,2126.8428f
b47999fa192a4c07897ef0655c1f458f,172,MITxPRO+AMxB+1T2018,-883.5239f,2133.9292f
4278a11746804def8e613a8a8da29a7c,173,MITxPRO+AMxB+1T2018,-853.6693f,2267.228f
deead91c4b084361847e1f6596966bb8,174,MITxPRO+AMxB+1T2018,-797.10876f,2422.5234f
6bcb17967bcb4df9bfc7914614ea438d,175,MITxPRO+AMxB+1T2018,-661.3923f,2399.9204f
c1cffbf051a6419bb88a3efe70810c03,176,MITxPRO+AMxB+1T2018,-558.52124f,2410.2393f
deb6f01c4aee459aba4573c30370cd9f,177,MITxPRO+AMxB+1T2018,-493.32434f,2479.2473f
712de1d8f0494088af25f2d8990ed903,178,MITxPRO+AMxB+1T2018,-530.6496f,2567.4436f
bcfaf0a85a4c4bb1b5f38a5334a89bc7,179,MITxPRO+AMxB+1T2018,-636.755f,2578.3718f
70ce3c11df2441369632b5e4c33440b2,180,MITxPRO+AMxB+1T2018,-742.8478f,2608.5198f
631404452a894b47949846af85b65a75,181,MITxPRO+AMxB+1T2018,-855.4128f,2582.7327f
8a10cc79e71240fbbaef15137c988bf5,182,MITxPRO+AMxB+1T2018,-906.22974f,2867.0352f
d6f5e62f53b24133ad80b6ae4fbb1c67,183,MITxPRO+AMxB+1T2018,-979.2383f,3046.5427f
22f8ee5d537a46cfb33f6713a2ec6a6a,184,MITxPRO+AMxB+1T2018,-1857.1533f,2415.0242f
0cd55e8d087d4dd7b4abe0c9eeb53ee9,185,MITxPRO+AMxB+1T2018,-945.28314f,3203.139f
43334af9e23541758eae3f163f0233ca,186,MITxPRO+AMxB+1T2018,-897.76624f,3288.6184f
b6e111cfb4a9471b8d1efe4384681e27,187,MITxPRO+AMxB+1T2018,-392.94812f,3874.4329f
0552f7dc52d14cf5b15daed9c4229342,188,MITxPRO+AMxB+1T2018,-983.2423f,3344.5356f
151ff258d4a74e6dbe9efde0ce31b457,189,MITxPRO+AMxB+1T2018,-1044.1401f,3441.769f
c1e3057887ae4756b3983ee71103080a,190,MITxPRO+AMxB+1T2018,-1128.226f,3564.7664f
4ddee52f520141a192396264e12e939c,191,MITxPRO+AMxB+1T2018,-1016.0393f,3602.9272f
2a07f16983744ee4b619e6822558732e,192,MITxPRO+AMxB+1T2018,-946.92255f,3661.0894f
3b80b63e802243169ed3dc0ceba87a81,193,MITxPRO+AMxB+1T2018,-1004.0361f,3732.2202f
750c556f3cae4c2db33e983c7c72db60,194,MITxPRO+AMxB+1T2018,-1101.1005f,3698.236f
aedac84ad12f487db1c88dbe3c82abde,195,MITxPRO+AMxB+1T2018,-1313.5513f,3690.833f
44a09f185c624f388d29e488f28999d2,196,MITxPRO+AMxB+1T2018,-1385.7145f,3850.6782f
41f2083f68e34e818c645e3b5fe1f3a6,197,MITxPRO+AMxB+1T2018,-918.4257f,4308.845f
8c70a939146b49cd91d826eaa1b1aaf8,198,MITxPRO+AMxB+1T2018,-1528.4038f,3803.0059f
0fc9573794ea433ca88f5be6758b560e,199,MITxPRO+AMxB+1T2018,-1605.9979f,3868.9795f
f5040720d39f47cda6c8744f087759d2,200,MITxPRO+AMxB+1T2018,-376.07086f,3902.737f
cfc8fb9e455e4fc592f63e75803bc5e9,201,MITxPRO+AMxB+1T2018,-1689.8138f,3804.911f
4454aaa65b6d49ca89add710ba15514e,202,MITxPRO+AMxB+1T2018,-1807.2803f,3772.0234f
b417ce5230004e449eb68bbbca8930d9,203,MITxPRO+AMxB+1T2018,-1951.8977f,3764.8713f
519a3ce144b042f09bc9f27f33267c71,204,MITxPRO+AMxB+1T2018,-1930.5754f,3890.1694f
1c6f3c34f7cc4c9b94c4e8d737f587c6,205,MITxPRO+AMxB+1T2018,-1959.3542f,3974.4521f
d8424937df4a417f80f02a8a69eee970,206,MITxPRO+AMxB+1T2018,-2052.4863f,3950.8645f
4be8a36bf92f42cd8fbd28d32417459c,207,MITxPRO+AMxB+1T2018,-2068.649f,3847.8433f
1f5002403e13485da7e7b1f5896e81ee,208,MITxPRO+AMxB+1T2018,-2209.6206f,3634.3264f
46cd00fd3cd84c52a7161a7eafdb9268,209,MITxPRO+AMxB+1T2018,-2403.8418f,3648.165f
946ced56e0c848f38f9e1a1fb8996535,210,MITxPRO+AMxB+1T2018,-2561.656f,4082.9482f
276eb91bb71649698c5d0281235cbd59,211,MITxPRO+AMxB+1T2018,-2477.6443f,3504.404f
9af4973779c443ac986aa5b2a63462d6,212,MITxPRO+AMxB+1T2018,-2577.7905f,3500.6584f
00c23be7a0584af395428ab3a704e552,213,MITxPRO+AMxB+1T2018,-2814.2651f,3988.36f
0e3c2d8cac1e44af8bd7fabc48f8d079,214,MITxPRO+AMxB+1T2018,-2605.723f,3401.8242f
c8a31966713e4ef18f4f06cd4a79d374,215,MITxPRO+AMxB+1T2018,-2694.7285f,3328.1284f
f732776055a94d8d8fd501519588bcc8,216,MITxPRO+AMxB+1T2018,-2832.3904f,3282.0613f
71aa8975942747bfa496bcb179836244,217,MITxPRO+AMxB+1T2018,-2864.592f,3399.486f
58bc915ba85341b48f20266cd8bf3050,218,MITxPRO+AMxB+1T2018,-2905.8547f,3477.1672f
ac3271c843024f538cfe21e21a0504e4,219,MITxPRO+AMxB+1T2018,-2995.8494f,3475.5378f
123565b06983431e9889eac59f1c0f7b,220,MITxPRO+AMxB+1T2018,-3011.4717f,3381.1084f
44a49f1cf12f41508cd0ed01b3633f1d,221,MITxPRO+AMxB+1T2018,-2978.2798f,3284.602f
61856830155142bcaeace6aa59bd78ff,222,MITxPRO+AMxB+1T2018,-3047.0525f,3059.017f
b62c41bd1f7041b8af6a7c1ba244ed04,223,MITxPRO+AMxB+1T2018,-3147.7754f,2967.5857f
7d49c93e6d8248b5917ce5939b0ed199,224,MITxPRO+AMxB+1T2018,-3426.127f,3443.7358f
1016f8c2803e4955b2ecb470241bcd95,225,MITxPRO+AMxB+1T2018,-3215.4077f,2883.3235f
6125768f1d5e42fb883dbc1aaa84223c,226,MITxPRO+AMxB+1T2018,-3303.0188f,2889.5999f
290de671af174739bcd0df683b4afc67,227,MITxPRO+AMxB+1T2018,-3768.8452f,3201.9023f
39d452015e8545798e59a5722b3926e6,228,MITxPRO+AMxB+1T2018,-3269.52f,2804.1602f
861189817e874a78b48adb13db4dd352,229,MITxPRO+AMxB+1T2018,-3299.4614f,2730.8364f
305af948e6fd418db8d32afcba8edec2,230,MITxPRO+AMxB+1T2018,-3710.4243f,-1835.3723f
1e10c4909db04d90ae611fcb24527c0f,231,MITxPRO+AMxB+1T2018,2551.8347f,-3769.0327f
21025d91f3cd4d4f858c2ec35764b5da,232,MITxPRO+AMxB+1T2018,-3324.7341f,2652.4758f
1ed230eb23af43aab786739fdd13ea89,233,MITxPRO+AMxB+1T2018,-3387.4897f,2556.2288f
57aea84c635d4c42bdea24fcad7ddc04,234,MITxPRO+AMxB+1T2018,-3461.4426f,2656.0598f
7caa315a66164f50bd8b97b0f43dba18,235,MITxPRO+AMxB+1T2018,-3540.4905f,2708.4067f
aef4930d74cd48de8d774741083e54bc,236,MITxPRO+AMxB+1T2018,-3598.1394f,2636.1436f
c15d118c7742410aa670b99d4f796785,237,MITxPRO+AMxB+1T2018,-3564.999f,2538.4587f
d4351e91190f4e08b308ceb76aa5cf06,238,MITxPRO+AMxB+1T2018,-3493.794f,2454.6538f
efad98624b054b5fbe2cc340e3df324d,239,MITxPRO+AMxB+1T2018,-3479.1836f,2177.0483f
09fe06fcddb044dbb16b33ff6fbdde1c,240,MITxPRO+AMxB+1T2018,-3635.205f,2226.338f
c9543052dcba40b58909ec53da262aaa,241,MITxPRO+AMxB+1T2018,-3524.9905f,2022.4332f
3d412537e19344628642e97d2a0d1e3e,242,MITxPRO+AMxB+1T2018,-3628.0725f,1938.8131f
754173802659463ea74eee4d359bc6fc,243,MITxPRO+AMxB+1T2018,-3809.7715f,2101.61f
27a8801c431c4cc58d69b8ff02121f29,244,MITxPRO+AMxB+1T2018,-3643.6584f,1834.5779f
c916a881ccf146b68ec3e4781195bbd1,245,MITxPRO+AMxB+1T2018,-3987.085f,1925.1598f
4037cb08917c43238c4691dbe8895637,246,MITxPRO+AMxB+1T2018,-3744.8398f,1643.0941f
d5172470b4d443d7ba479af419b4f99b,247,MITxPRO+AMxB+1T2018,-3760.8552f,1769.1714f
c4a55bdf46eb40b1b10adc7df324e1f5,248,MITxPRO+AMxB+1T2018,-3232.819f,1642.2915f
f016c0f54ab84871a0700aa16ee7fa28,249,MITxPRO+AMxB+1T2018,-3323.2986f,1525.6113f
310bb0618ec84817970f0320c6051b92,250,MITxPRO+AMxB+1T2018,-3647.0027f,1716.0831f
cc6de24a16d54830beca01a4787a5b4d,251,MITxPRO+AMxB+1T2018,-3586.9294f,1644.744f
20aaaaf046c347828ff18e07bfc3ab4f,252,MITxPRO+AMxB+1T2018,-3657.5447f,1579.6562f
5cc9c5960b654f42829ef46a9c3a1444,253,MITxPRO+AMxB+1T2018,-3792.5317f,1539.6653f
f258df5b93ec4688a59d208391ca6a7f,254,MITxPRO+AMxB+1T2018,-3860.4695f,1449.211f
c41b9b59311243a1bbe7af884c0ab883,255,MITxPRO+AMxB+1T2018,-3915.6135f,1382.3715f
b233e1e427114fad9d1e90757aeb33cd,256,MITxPRO+AMxB+1T2018,-3965.7603f,1321.0532f
8feb7788f1184ed2ad654a08738e6e3b,257,MITxPRO+AMxB+1T2018,-4019.1677f,1255.7709f
2d680713e46d48f1a8483813fdf8eaad,258,MITxPRO+AMxB+1T2018,-4091.7974f,1217.2098f
c662ca6bf6ce446fa8ee92f993cb42bd,259,MITxPRO+AMxB+1T2018,1212.9833f,-4462.1284f
d88b1dd362154e4783fa29ef8cc2fd69,260,MITxPRO+AMxB+1T2018,-4151.823f,1163.5569f
664871c85f90481e8ce08ed81e13204f,261,MITxPRO+AMxB+1T2018,-4156.6294f,1081.327f
addc582e93ef43d5a647d5a27f89866e,262,MITxPRO+AMxB+1T2018,-4218.1743f,1020.4185f
e0c99d2be84f4d4caf2352d0f048c0ce,263,MITxPRO+AMxB+1T2018,-4257.5645f,932.90485f
bf82c8fce82849deb2c0c18f79aba303,264,MITxPRO+AMxB+1T2018,-4312.3213f,834.12946f
3b4a95cbe05a4f9eb146b42e2744f820,265,MITxPRO+AMxB+1T2018,-4772.8184f,948.18384f
ba8fc22784274180b82fd5ce5c8fcfa5,266,MITxPRO+AMxB+1T2018,-4423.3594f,793.485f
96f20d8fc3954ca28da0c2f40d965c44,267,MITxPRO+AMxB+1T2018,-4614.3467f,1058.9486f
d1a13ee8ec1a4b1cb01b63a69b48a8a0,268,MITxPRO+AMxB+1T2018,-3860.7588f,859.97955f
30aea0ab9d50468387ce90b94ce24b88,269,MITxPRO+AMxB+1T2018,-4445.526f,694.4446f
a30c1e8242864e299e15046983824275,270,MITxPRO+AMxB+1T2018,-4546.6143f,680.9214f
6897f90f4ca8449ba79c118c950f687c,271,MITxPRO+AMxB+1T2018,-5007.3955f,823.2787f
e784ed97530e489e8c66e605160dae31,272,MITxPRO+AMxB+1T2018,-4509.4287f,594.7396f
f2b6b34950d14e27b69d8148625786aa,273,MITxPRO+AMxB+1T2018,3338.501f,-3073.2227f
d4e8a2ffb6d2487d81f32755f54763a1,274,MITxPRO+AMxB+1T2018,-4538.1494f,529.2101f
710ef03139064547b922337168273519,275,MITxPRO+AMxB+1T2018,-4570.5854f,453.4783f
497ff981f4384b3897c43a1b51306d5d,276,MITxPRO+AMxB+1T2018,-4584.7036f,326.04797f
a8a6f24cb40a41c9bdc03d5c03dd8b0f,277,MITxPRO+AMxB+1T2018,-4654.914f,458.8255f
db237ab31dde4fc79528b05fdc509093,278,MITxPRO+AMxB+1T2018,-4210.1987f,434.69626f
2c4f75b4b1b14a188818a152373f8937,279,MITxPRO+AMxB+1T2018,-4669.5386f,375.75696f
b2fb985942164114bc97d28d44392f36,280,MITxPRO+AMxB+1T2018,-5022.002f,317.47766f
435c50e639064849be9ac4671ceaf812,281,MITxPRO+AMxB+1T2018,-4554.7627f,154.5292f
38339eee0f2d4f3e95160fb4f1e6f866,282,MITxPRO+AMxB+1T2018,-4611.3647f,236.56204f
de09416fa74b4a74a17fa0aa35623cd5,283,MITxPRO+AMxB+1T2018,-3325.377f,2794.1936f
5c5e14d8f5954d3cb439d07763a828be,284,MITxPRO+AMxB+1T2018,-4135.236f,293.5978f
d2749283e4b340d0afecbf669539f1fd,285,MITxPRO+AMxB+1T2018,-5045.8467f,605.36176f
9e71015683e549b5b13c178144b1531f,286,MITxPRO+AMxB+1T2018,-4463.584f,153.24286f
c559d7857b074363b531f217af72e550,287,MITxPRO+AMxB+1T2018,-4533.573f,55.753574f
546eff2213874a0cbc23226674b6f319,288,MITxPRO+AMxB+1T2018,-4517.7817f,-49.05729f
e18a31353b7449269f22f20c5df9c811,289,MITxPRO+AMxB+1T2018,-4504.782f,-119.395294f
f5370532182c49ceb5391472d9b0ecdf,290,MITxPRO+AMxB+1T2018,-4486.9976f,-197.93097f
3a554abb22514705b007afaefd8b4dbe,291,MITxPRO+AMxB+1T2018,-4540.0674f,-266.74097f
64b053502090498e8d5288c1c54d446c,292,MITxPRO+AMxB+1T2018,-3977.705f,72.095215f
a53b7c4751e54b6ba92d7d717d7832b4,293,MITxPRO+AMxB+1T2018,-4453.7314f,-279.82748f
161d2152d71f49ba83c179bd4e9776a9,294,MITxPRO+AMxB+1T2018,-4370.7134f,-282.80893f
78f63de28aca4369bd546952a12d5a3a,295,MITxPRO+AMxB+1T2018,-4286.78f,1088.3792f
782ff5a3836649daac5744758b0831b0,296,MITxPRO+AMxB+1T2018,-2561.1833f,-901.5156f
c7f66c9d94af4eb79199eb210b254651,297,MITxPRO+AMxB+1T2018,-4398.666f,-376.66122f
a7de78439b5c42efa09209a47de6e960,298,MITxPRO+AMxB+1T2018,-4473.1753f,-430.8287f
5f4a737d4d744b21a68e7f81caaaa00c,299,MITxPRO+AMxB+1T2018,-4315.9077f,-520.1024f
cd8f0da1ce0040ce994e2bf3c1a061fa,300,MITxPRO+AMxB+1T2018,-4510.5f,-549.20105f
455f653fdfbb43baabd2860fcd435d8e,301,MITxPRO+AMxB+1T2018,-4622.492f,-560.07904f
9266f5048e2648e8a0dcea19009c7c92,302,MITxPRO+AMxB+1T2018,-4628.573f,-675.49475f
6d9d7fa80bb24111ac8b77071d6b072d,303,MITxPRO+AMxB+1T2018,-4517.809f,-699.4739f
d8c12f5115f843179f92f6a018e05dc8,304,MITxPRO+AMxB+1T2018,-4396.55f,-720.81744f
bd6795cfc41241159ab06425ce1bf3d7,305,MITxPRO+AMxB+1T2018,-4213.028f,-757.42395f
8623fd98364040069d25c8e158c77fff,306,MITxPRO+AMxB+1T2018,-4142.983f,-989.06555f
c1decbb7d1cc46d3b662207a884ac71e,307,MITxPRO+AMxB+1T2018,-4118.1533f,-1076.6458f
c26ae7f6e4004d36a959daa7448fab45,308,MITxPRO+AMxB+1T2018,-4078.7732f,-1158.03f
10851985f5a44e618592bad22e719a80,309,MITxPRO+AMxB+1T2018,-4051.3508f,-1233.8656f
305d151f07e84e62933b3f7ca7498b37,310,MITxPRO+AMxB+1T2018,-3890.8513f,-1656.6505f
61726452154f4dfb8d7de5fbf5555548,311,MITxPRO+AMxB+1T2018,-3991.6077f,-1289.0947f
dc5e8bc347d747b0903d532e2eb2b2ab,312,MITxPRO+AMxB+1T2018,-3964.5515f,-1362.1681f
a1f114304978438cb641a1b5d486f4e3,313,MITxPRO+AMxB+1T2018,-4321.6973f,1356.4026f
62cbc113929543d38366051588f49388,314,MITxPRO+AMxB+1T2018,822.38226f,2565.2014f
4582c3c3aaca48bd9946e825dcad6a65,315,MITxPRO+AMxB+1T2018,-3890.6047f,-1349.6969f
968d0ef03f3e4528957b15a5a2d9d88e,316,MITxPRO+AMxB+1T2018,-3834.804f,-1395.9874f
83e10dd54b124d7e9da59881a2f7557a,317,MITxPRO+AMxB+1T2018,-3767.1355f,-1366.7091f
0809efd87b0c45139a1edc4cc58fd1f5,318,MITxPRO+AMxB+1T2018,-3683.7197f,-1354.026f
d1651d2f65e9428693a519450d5f321f,319,MITxPRO+AMxB+1T2018,-3599.4668f,-1340.7666f
b493f3f110234cfdabab9fc55ba06661,320,MITxPRO+AMxB+1T2018,-3516.3528f,-1299.1809f
0388b15dc0a94dd4a553c1df67123109,321,MITxPRO+AMxB+1T2018,-3447.6094f,-1272.6016f
8a99f0d5d8164c528a85554f9184271b,322,MITxPRO+AMxB+1T2018,-3557.5698f,-1631.6252f
ab522985e16d436a970f0eda5c9a1591,323,MITxPRO+AMxB+1T2018,-3395.0422f,-1218.3112f
eb58bfe7027d4f70912c319251e6e417,324,MITxPRO+AMxB+1T2018,-3343.4194f,-1170.8013f
0c92f804b6ee498091114e20947b5ca4,325,MITxPRO+AMxB+1T2018,-3294.04f,-1116.3857f
2352eea7a7014e7990cfd2e3470795a2,326,MITxPRO+AMxB+1T2018,-3244.004f,-1052.9333f
7d04272687d34281b60b3377d46cd231,327,MITxPRO+AMxB+1T2018,-3196.3777f,-988.31854f
29df4d70694a4f5fb9cf4a296c9d6826,328,MITxPRO+AMxB+1T2018,-3148.7312f,-909.8565f
0121a1bd90774a95a014f487a3717bd8,329,MITxPRO+AMxB+1T2018,-3379.6213f,-1846.2104f
9438fe68ef4f44b59d9db9d73ba452a4,330,MITxPRO+AMxB+1T2018,-3107.618f,-843.07135f
98a13e95e8484ecb9727be0d96c5a670,331,MITxPRO+AMxB+1T2018,-3067.0906f,-778.5518f
ac6a1998c3db4a88b5643136a44d3d1a,332,MITxPRO+AMxB+1T2018,-2988.7778f,-799.7568f
78f68e137a55485cb62647f60c158317,333,MITxPRO+AMxB+1T2018,-2905.3848f,-1042.0952f
fbff5d65e2ba477286d4f60832b5cbe1,334,MITxPRO+AMxB+1T2018,-3015.7676f,-716.3526f
ead01d2798b845a98cc82df187be0915,335,MITxPRO+AMxB+1T2018,-2956.7222f,-629.7264f
176c36fa520e4f7eb03738c18bd564a5,336,MITxPRO+AMxB+1T2018,-2910.0435f,-568.6076f
96581c65b3ca4b6a8611a54a81f6c844,337,MITxPRO+AMxB+1T2018,-2863.6482f,-507.95087f
6ee5ec7b3f0a4b75b2228bf19a1c6d28,338,MITxPRO+AMxB+1T2018,-2947.4875f,-1430.5249f
59f55814532344b59eacd921b45a34d4,339,MITxPRO+AMxB+1T2018,-2812.8699f,-447.7147f
f1bcf42b778e4691b9e5823e206a61a3,340,MITxPRO+AMxB+1T2018,-2761.947f,-387.11224f
d44751eae0bb47188bbbdafaa7b01c28,341,MITxPRO+AMxB+1T2018,-479.7114f,-4280.9985f
25a652b137614112a1fc8861fb291181,342,MITxPRO+AMxB+1T2018,-2711.4937f,-328.6243f
1cbb871d83ac466bb5ff53794083240e,343,MITxPRO+AMxB+1T2018,-2590.129f,-200.54956f
b5ebc521efe845139d8f9ef87cac6112,344,MITxPRO+AMxB+1T2018,-2740.9922f,-1136.3767f
c7f074fbe8cc441e8a7ced30f9999dfa,345,MITxPRO+AMxB+1T2018,-2638.0195f,-137.87955f
60fdad9fc19541e3b135991de184af75,346,MITxPRO+AMxB+1T2018,-2528.5166f,-116.6992f
b9efe6f2b024489bb02fc090d4a17a65,347,MITxPRO+AMxB+1T2018,-2439.7961f,-171.71913f
340356a09f564f4e96c7d91d8271accb,348,MITxPRO+AMxB+1T2018,-2311.633f,-361.39157f
2bbb47defdd44b6e95be6aff50d550d1,349,MITxPRO+AMxB+1T2018,-2252.765f,100.27528f
f261241e0f5c429bba37335f9c8a71e0,350,MITxPRO+AMxB+1T2018,-2708.4478f,302.51712f
c7a736e53c6341f684a77474fbbbe64f,351,MITxPRO+AMxB+1T2018,-2357.2573f,531.4577f
98170a572e6644028150554eb5722cb4,352,MITxPRO+AMxB+1T2018,-2017.6149f,341.5779f
d8a02e7515a74c9998f997f6df75771d,353,MITxPRO+AMxB+1T2018,-1587.9725f,-538.9279f
71c4fd1a1eab4d00b0d4ae1bb725ef5a,354,MITxPRO+AMxB+1T2018,-1533.1722f,-697.1846f
44abedc27bd74e82b52d8dbede63bcdc,355,MITxPRO+AMxB+1T2018,-1352.0238f,-433.25302f
1c671d329ded428288dd93458a0a2667,356,MITxPRO+AMxB+1T2018,-1386.1377f,-1059.4241f
aa516ea305b74209ad16d2533b32050c,357,MITxPRO+AMxB+1T2018,-1327.8466f,-1165.481f
86ec6deb59e74e3fbe85c975ab09e4fe,358,MITxPRO+AMxB+1T2018,-1056.7345f,-761.18536f
7d62e87889ed4954bf9c388d171ee30a,359,MITxPRO+AMxB+1T2018,-1140.3195f,-1004.1853f
f06cfae5902b4db099f1844f9dcad801,360,MITxPRO+AMxB+1T2018,-1301.9766f,-1323.1516f
d07f5cabb83841ebb911eb33d653a517,361,MITxPRO+AMxB+1T2018,-1438.554f,-1312.5614f
bfbf924018314d4fa3a626a8507b8d90,362,MITxPRO+AMxB+1T2018,-1072.0104f,-1138.9021f
98032f7703934ecc960828e8931290bd,363,MITxPRO+AMxB+1T2018,-1384.7094f,-1411.642f
05800c2e685141ecb48fe59b499d84b6,364,MITxPRO+AMxB+1T2018,-1270.8754f,-1483.9456f
f151b1920ab84738857f2e5a6ccdff85,365,MITxPRO+AMxB+1T2018,-1227.0f,-1656.2609f
93168ca1ec6a4944b57d75ac98797c0b,366,MITxPRO+AMxB+1T2018,-1202.9877f,-1763.3956f
06b02d057d574f24a6cac30186bf0bf2,367,MITxPRO+AMxB+1T2018,-1168.523f,-1932.3544f
5982f524a99e420f8aeee7d90187dd55,368,MITxPRO+AMxB+1T2018,-1077.2222f,-2034.8887f
4f37a9d9ffc24f5e82cc2cb1409df6f3,369,MITxPRO+AMxB+1T2018,-806.317f,-2286.671f
2ffd17accc734a7b833cff39cca5c9f9,370,MITxPRO+AMxB+1T2018,-1808.4988f,-1894.4576f
cee509fdc136413c8c3e182d487c2b86,371,MITxPRO+AMxB+1T2018,-1217.749f,-2078.1228f
ad02db4c9df74936a7ecf964b1697197,372,MITxPRO+AMxB+1T2018,-1510.8038f,-2560.8079f
65596489f9b542e490757e53a60af97c,373,MITxPRO+AMxB+1T2018,-1592.9376f,-2479.6724f
34037bd4b27b40fc8bf9bbaf818a3e43,374,MITxPRO+AMxB+1T2018,-2220.47f,-2052.926f
57b361f6d4ca424299264c668e836e47,375,MITxPRO+AMxB+1T2018,-1621.1163f,-2714.2754f
5a6ade785e5944dc9bba9be67da62d09,376,MITxPRO+AMxB+1T2018,-2427.5447f,-2478.4587f
7afbe0f3ab05461ab5a3765ad3631052,377,MITxPRO+AMxB+1T2018,-1848.5947f,-2834.9678f
7a2bcd65cf024f3684c99f341cb74362,378,MITxPRO+AMxB+1T2018,-2068.4497f,-2696.0122f
0b8e4be0cef9409cabbce305b9eb4e11,379,MITxPRO+AMxB+1T2018,-2184.9272f,-2719.7148f
e90f5c8e7b2e449b8d756039eeb35852,380,MITxPRO+AMxB+1T2018,-2250.0955f,-2786.743f
a51bda095c98420a93e81d2dec7e2961,381,MITxPRO+AMxB+1T2018,-2235.528f,-2875.4163f
fff3e875d114460785d458c9a20db4c4,382,MITxPRO+AMxB+1T2018,-2168.7302f,-2960.5388f
3a32d27772ce468e941a09b8dd76aec3,383,MITxPRO+AMxB+1T2018,-2079.5974f,-3104.741f
5b07632f8a4b448a97fc1841e9822fa4,384,MITxPRO+AMxB+1T2018,-2328.5452f,-3178.587f
0956212ccaac4df68948e45a10dbb1d4,385,MITxPRO+AMxB+1T2018,-2445.2422f,-3207.0286f
519ecd71e1c5481cba184e5d6ed7f2ac,386,MITxPRO+AMxB+1T2018,-2692.9548f,-2935.2395f
17d557337c9c42d3b5b9b1220d2a8b07,387,MITxPRO+AMxB+1T2018,-2532.7102f,-3253.1013f
5bf5e2b4dc7542a7a5ccf3afb1e9e3c0,388,MITxPRO+AMxB+1T2018,-2536.0918f,-3360.2527f
577e63c5db5f4ce08d3b9fd4bc253192,389,MITxPRO+AMxB+1T2018,-2439.702f,-3420.8223f
2855e7a0df954abaa30be35826f21bbc,390,MITxPRO+AMxB+1T2018,-2341.182f,-3441.5366f
f0e8270c2e6d4b9093c9d434401f1080,391,MITxPRO+AMxB+1T2018,-2240.037f,-3454.3486f
c3dc70e138fc4f9a8ef62602347dfd2d,392,MITxPRO+AMxB+1T2018,-2074.9895f,-3486.8923f
4c6bbce728d64d46b615252950aa99c5,393,MITxPRO+AMxB+1T2018,-2167.7144f,-3696.989f
b302b1e3680b47bcb5aea5e985dcd0ce,394,MITxPRO+AMxB+1T2018,-2219.676f,-3794.9397f
15335471891841108d686d567db618a6,395,MITxPRO+AMxB+1T2018,-2242.5557f,-3893.2356f
cf9c03aed3cc46cab0d3d363b36d4a3f,396,MITxPRO+AMxB+1T2018,-2202.797f,-3990.749f
b8e69ef94fbb4d51b4a8420c4ba7d94c,397,MITxPRO+AMxB+1T2018,-2105.5168f,-4031.0789f
80fee6d1156d4c2285bb094b6759c96b,398,MITxPRO+AMxB+1T2018,-2013.5024f,-4002.0464f
5515b1ce594c44018624eba452487dd8,399,MITxPRO+AMxB+1T2018,-1935.6692f,-3944.564f
de6931cbf03f4c25a93022f69f40e59d,400,MITxPRO+AMxB+1T2018,-1616.6144f,-3702.9019f
aad06a85014b41a4a81a735ef2aa3af7,401,MITxPRO+AMxB+1T2018,-1547.9973f,-3832.4846f
33e3d11404154320b5548507b3627617,402,MITxPRO+AMxB+1T2018,-1517.8248f,-3919.6528f
8b88b65b13a6434c86a069af38d754e9,403,MITxPRO+AMxB+1T2018,-1559.25f,-4006.2625f
0e554069f4c04108abd5c2b1e02bb8df,404,MITxPRO+AMxB+1T2018,-1666.3522f,-3991.5266f
3bc7c0a659644f1994fb732fdb44695c,405,MITxPRO+AMxB+1T2018,-1664.5286f,-3878.912f
b31aa53037a74719ba3eb845306e4374,406,MITxPRO+AMxB+1T2018,-1478.5593f,-3654.3687f
75140a4c4a7248179d04fa2a1ab985d5,407,MITxPRO+AMxB+1T2018,-1363.6617f,-3623.2737f
13d1f65fede84bdcb51f77e7f6419a99,408,MITxPRO+AMxB+1T2018,-1279.0427f,-3596.9116f
916c4d42d9ae47d5bff2c22d55e56769,409,MITxPRO+AMxB+1T2018,-1197.0585f,-3567.072f
4e2af15f0e154332990f5c331e2c073a,410,MITxPRO+AMxB+1T2018,-1110.4589f,-3532.4424f
7a1a2c4aab5241b785fdaf08add5fdf5,411,MITxPRO+AMxB+1T2018,-1037.7946f,-3465.322f
604cd4d206d940269789ea412845f1e8,412,MITxPRO+AMxB+1T2018,-953.3185f,-3488.7446f
22b9e7f1eabc4cb28d8af1feaa0bc27d,413,MITxPRO+AMxB+1T2018,-895.34155f,-3387.951f
40671f6f48fb4803989d7bf3864904e2,414,MITxPRO+AMxB+1T2018,-853.67804f,-3502.9492f
47ab5c72ed4f4a38a6f760e0bfa008f2,415,MITxPRO+AMxB+1T2018,-776.56573f,-3456.9578f
a653f4a798964771b51fbc7cb8a7a276,416,MITxPRO+AMxB+1T2018,-785.6466f,-3365.6094f
611f718731804acf8b5f757f24bcdf64,417,MITxPRO+AMxB+1T2018,-850.7581f,-3288.4265f
797a6e6ad6a9498396d577b377aec258,418,MITxPRO+AMxB+1T2018,-431.35117f,-1890.7983f
2e48e055fb4146e9b149086c1385037d,419,MITxPRO+AMxB+1T2018,-413.33395f,-1827.0466f
51c336e9fc974fe6b345ef354ed29bbb,420,MITxPRO+AMxB+1T2018,-393.0709f,-1751.1582f
6a3fd2c28384465589f148598410fbdd,422,MITxPRO+AMxB+1T2018,-368.91302f,-1660.773f
90efb799135b4a83860d413d182e62af,423,MITxPRO+AMxB+1T2018,-347.54703f,-1548.9104f
45fb3c2b451642e89378499970aaaf15,424,MITxPRO+AMxB+1T2018,-254.28976f,-1092.9255f
8fba3f66ee7a4a218d411662d248a54d,425,MITxPRO+AMxB+1T2018,-340.67944f,-1142.2225f
ca8aac0be163430e8baaad776c32ddd2,426,MITxPRO+AMxB+1T2018,-240.09077f,-988.12225f
e07603058e9043579d9f2f17be10b866,427,MITxPRO+AMxB+1T2018,-208.15486f,-859.12585f
0da137981c784fff80a5768bc626dca7,428,MITxPRO+AMxB+1T2018,-202.70354f,-728.5032f
e588e625f78049a5aed0c685e1fc9500,429,MITxPRO+AMxB+1T2018,-326.60272f,-752.4385f
abdacc6701224360a3f86b8be3f366bf,430,MITxPRO+AMxB+1T2018,-301.56845f,-628.5053f
202fe760f26e4bd7a5a9cd1926e3f678,431,MITxPRO+AMxB+1T2018,-138.83965f,-631.2756f
3e3428242983494095b0d25bad62a657,432,MITxPRO+AMxB+1T2018,-193.11163f,-522.9226f
91b21144d1b5408d956b8a08c06ead48,433,MITxPRO+AMxB+1T2018,204.3385f,313.42654f
fed8304bb7184050aaaa4d9ab2089745,434,MITxPRO+AMxB+1T2018,-254.35094f,189.74834f
064f627c77a54926aac5e4c6b665a883,435,MITxPRO+AMxB+1T2018,-13.849071f,-543.2442f
efb26d7be5e646dca9278cde2f59dbc3,436,MITxPRO+AMxB+1T2018,-103.29233f,-417.71487f
4d80bdddc8fe4cf4bf5c05efb70ad6a9,437,MITxPRO+AMxB+1T2018,-180.49535f,-349.1395f
3b8342fbe7e1473ba44ee109673c5f1c,438,MITxPRO+AMxB+1T2018,-104.32355f,-281.271f
ef612a0ce30d4b788653a525216f7837,439,MITxPRO+AMxB+1T2018,-8.217277f,-304.17426f
a27e6ccbd699476c823afe67c91324cf,440,MITxPRO+AMxB+1T2018,191.24574f,-511.5316f
3a515431ad5d4619b97924675284a684,441,MITxPRO+AMxB+1T2018,254.63512f,-442.18747f
ad172c9eaecf4a59bba2238ca2bb3990,442,MITxPRO+AMxB+1T2018,338.6464f,-515.3096f
b4b721ff8e98417a9ffd504f445c8998,443,MITxPRO+AMxB+1T2018,339.96198f,-619.3685f
d9dd2a4989284d94b66c5a100745f102,444,MITxPRO+AMxB+1T2018,454.63538f,-563.7269f
4e7f6237dba14b9cabab572a9032820e,445,MITxPRO+AMxB+1T2018,546.5545f,-604.75055f
dfa2734715da48a083fe836252dac452,446,MITxPRO+AMxB+1T2018,616.3047f,-643.5812f
6209866a51f94d1982106374115c7594,447,MITxPRO+AMxB+1T2018,690.2948f,-700.17145f
2850ec8902554b2db863515391feae48,448,MITxPRO+AMxB+1T2018,4034.325f,1657.4408f
da48f27bea184b319bf8dc059138fbca,449,MITxPRO+AMxB+1T2018,1271.7766f,-543.2722f
61decba0ba3048cb9d65cb40780a72df,450,MITxPRO+AMxB+1T2018,1098.3921f,-287.0675f
8ecebe22b81a4779b6aa4c03baa79bb1,451,MITxPRO+AMxB+1T2018,733.57294f,-784.8155f
9c1bc5b9b4c244958983e8a5789f84ed,452,MITxPRO+AMxB+1T2018,752.8095f,-865.345f
6a1b1998400e4f52aa3d3768633a7dd5,453,MITxPRO+AMxB+1T2018,765.58746f,-949.2485f
fe3586744a044afd9ae558cfbe4a9411,454,MITxPRO+AMxB+1T2018,772.72314f,-1052.1938f
f9063cc6765a4fb3875172894b58c4af,455,MITxPRO+AMxB+1T2018,841.5349f,-1140.9048f
88464dcb8fa64c5391ff18d5aec38bcc,456,MITxPRO+AMxB+1T2018,921.5464f,-1067.5784f
0704a9032b0b4dfebc92a428247b2a14,457,MITxPRO+AMxB+1T2018,709.21564f,-1407.4624f
816859832b434afe828f482770a8052c,458,MITxPRO+AMxB+1T2018,414.06763f,-1708.6407f
ea1d651f18c34e6fa36ee0f68962ecb9,459,MITxPRO+AMxB+1T2018,989.3678f,-1571.0638f
e9bcc373b6ae4ec3abef5be040a02711,460,MITxPRO+AMxB+1T2018,852.52423f,-1954.0543f
f5a6533820e946beacbefa8eb7a9c063,461,MITxPRO+AMxB+1T2018,871.12805f,-2284.9495f
2457ca92fb25476e889fb722e828987a,462,MITxPRO+AMxB+1T2018,875.703f,-2562.1396f
c505ffe96440456486dad0a5e505231f,463,MITxPRO+AMxB+1T2018,2832.7197f,-3689.8403f
dd8ccb96b2cb40fc99395cd96e9f5597,464,MITxPRO+AMxB+1T2018,877.66565f,-2652.012f
aad3103495c442d7a88e613480c113d3,465,MITxPRO+AMxB+1T2018,874.4034f,-2727.7192f
a121f273f3a0475ab714564f42e222bb,466,MITxPRO+AMxB+1T2018,872.0888f,-2805.852f
636c542d9ef64301a47a423dc61a2dae,467,MITxPRO+AMxB+1T2018,848.39996f,-2871.8875f
f2b4e39d15ec4701ba61cfb6420d3bc5,468,MITxPRO+AMxB+1T2018,799.6491f,-2917.268f
1ff6b4f89e7f4b1dbdc83ee7f44f1acd,469,MITxPRO+AMxB+1T2018,718.48944f,-2967.105f
40a813ff85cf430899ae9357bd4ae06d,470,MITxPRO+AMxB+1T2018,630.7467f,-3136.4368f
9c6842c2104e49a7ba8b0d2ae99623e9,471,MITxPRO+AMxB+1T2018,3007.9214f,-2817.805f
87732893f89b43bfa01f9f06d032fdfe,472,MITxPRO+AMxB+1T2018,565.3314f,-3182.9502f
9aa67284e5fa4e3daa4b47b3e0edbcfd,473,MITxPRO+AMxB+1T2018,518.9103f,-3223.7917f
6cfa08b31fd941948e5f7255fa00c15d,474,MITxPRO+AMxB+1T2018,476.15466f,-3267.8335f
49707cf8378041adba03958bb60e676c,475,MITxPRO+AMxB+1T2018,465.52655f,-3334.3604f
4819b3ef1f4346248137a7d03c756e5a,476,MITxPRO+AMxB+1T2018,520.47034f,-3382.8972f
3fa5fb770b184522992a7656974d5bbf,477,MITxPRO+AMxB+1T2018,569.4536f,-3431.2144f
b07167d3dc5f434ba6a47048048b6321,478,MITxPRO+AMxB+1T2018,609.9911f,-3511.104f
1cd3fafc354f493b87ca5888717410c6,479,MITxPRO+AMxB+1T2018,-3921.9263f,2315.8137f
1db3ec7343d947a6ab270af2a8871cb7,480,MITxPRO+AMxB+1T2018,-3803.3877f,-2048.4624f
e2eb61c96ce34363a41b2936c1b67313,481,MITxPRO+AMxB+1T2018,-3077.9404f,2884.5566f
188b8870cb144c95b20d4a65b2931c45,482,MITxPRO+AMxB+1T2018,-320.52444f,-4049.9705f
cdd006fb180146468bd9a8b035143656,483,MITxPRO+AMxB+1T2018,-4319.899f,1262.8988f
e2afc470b1024fb48a8558391c05ad8a,484,MITxPRO+AMxB+1T2018,-4293.389f,1722.051f
45e15ef910dd4f72aacf8e48d238faa4,485,MITxPRO+AMxB+1T2018,4368.3066f,-229.30556f
8c4a58a7b5a2403196ecafec131b732a,486,MITxPRO+AMxB+1T2018,591.3431f,-3607.2268f
6b874330e7cd43fc95eb40b01f104fcd,487,MITxPRO+AMxB+1T2018,753.01855f,-4158.4f
6cd09877abad444ea784fd60e2143286,488,MITxPRO+AMxB+1T2018,-3678.015f,2563.0322f
29bb4a241e30431384a94c2e9373209c,489,MITxPRO+AMxB+1T2018,-4289.1753f,1142.9531f
514b4b80f75b47efb0a5044a5dff6f02,490,MITxPRO+AMxB+1T2018,753.84076f,-4262.427f
07610bb8d6904ca9b62459000553ee18,491,MITxPRO+AMxB+1T2018,779.35913f,-4318.75f
a55170a392e84a1fba0e0d57d1de1e98,492,MITxPRO+AMxB+1T2018,824.07355f,-4280.127f
5d86c9137fc74264a6f1644486662402,493,MITxPRO+AMxB+1T2018,484.3893f,-3794.0125f
d0a1b8ad8c3447679659fb21534f6753,494,MITxPRO+AMxB+1T2018,793.66095f,-5073.56f
ed791190f0844f5bb153bfb96967d518,495,MITxPRO+AMxB+1T2018,401.12253f,-3839.1536f
c7a55c2d904f4b8aaa08c674763cbfa8,496,MITxPRO+AMxB+1T2018,4383.4136f,43.08731f
fbeb2be95bdd409a8711eb8e56706fe1,497,MITxPRO+AMxB+1T2018,209.44376f,-3974.7302f
5c59b11e8d4847a68a4443a434cf2f17,498,MITxPRO+AMxB+1T2018,110.52746f,-4055.129f
0a5bddc1df4b49cf9b4d4ff1d9638cdd,499,MITxPRO+AMxB+1T2018,346.21082f,-4653.407f
e76aa9491de94c3baaed161be2104fe4,500,MITxPRO+AMxB+1T2018,994.68286f,-4550.058f
86193d19360e4d1ba4d2a964185432c2,501,MITxPRO+AMxB+1T2018,425.39783f,-4717.9917f
d0ec956bd233479bb93664edfb8e1db9,502,MITxPRO+AMxB+1T2018,454.1212f,-4780.306f
9231a448592847d9ac80a3bd679fa197,503,MITxPRO+AMxB+1T2018,430.39145f,-4844.0522f
c27a52d0b32041258bbde2b2c3f4bed3,504,MITxPRO+AMxB+1T2018,363.4654f,-4858.4224f
cc54987f68af4caa9df3d330adde6008,505,MITxPRO+AMxB+1T2018,297.91632f,-4829.0347f
888985adac714a9cb381313224764f28,506,MITxPRO+AMxB+1T2018,85.6742f,-4674.112f
7398973828164aa58f9df6c44e23c217,507,MITxPRO+AMxB+1T2018,26.491356f,-4873.894f
780432713ec34113852a95a6d7fc279b,508,MITxPRO+AMxB+1T2018,851.91595f,-4679.622f
d10c067d93114e3abcf011e40570c56b,509,MITxPRO+AMxB+1T2018,34.094017f,-4971.808f
6571e88d2c4847c5bf2cfcb20ec3ff17,510,MITxPRO+AMxB+1T2018,57.174297f,-5043.5273f
908ba7011698409bb68d489054a09158,511,MITxPRO+AMxB+1T2018,127.43933f,-5058.942f
53c90ff59d9a4547a83ac4c27d6bc4c1,512,MITxPRO+AMxB+1T2018,152.42587f,-4993.065f
5622fd7038e945cfa1f8a70e3b908155,513,MITxPRO+AMxB+1T2018,75.886345f,-4579.606f
c04c49faf1a549e19849053fbf0f22f3,514,MITxPRO+AMxB+1T2018,68.42603f,-4510.816f
b0f2dc89a77d4c5196c0be7d0ee97303,515,MITxPRO+AMxB+1T2018,3391.9321f,-3083.809f
37ab6742b43f4da19e9acee12af0459e,516,MITxPRO+AMxB+1T2018,-4056.8508f,-1641.5096f
095614d0a1e342a9883b30b0999b45ff,517,MITxPRO+AMxB+1T2018,-4011.0557f,500.61014f
9269d78b31de4957afa1c5a67f81edc1,518,MITxPRO+AMxB+1T2018,133.2597f,-4492.058f
be912585563f44f3862d684867a40fff,519,MITxPRO+AMxB+1T2018,-4185.6963f,704.325f
afd901e9caa3441fa29d0dce6aa45e47,520,MITxPRO+AMxB+1T2018,-2323.7766f,3132.5627f
3034ae6c80a540eaacf9b1ebab3a3b1f,521,MITxPRO+AMxB+1T2018,219.79453f,-4403.33f
4c383fc635b34b5ebb175b1221abd424,522,MITxPRO+AMxB+1T2018,-386.48108f,-4990.204f
e7abd2f43d3449158e43fe0b29547709,523,MITxPRO+AMxB+1T2018,417.60822f,-4302.754f
085d322fab7a4a70bb44caaf20312501,524,MITxPRO+AMxB+1T2018,529.1699f,-4217.5884f
99042009daed49118fd9cfa1616859d1,525,MITxPRO+AMxB+1T2018,968.42145f,-4670.8745f
03b3a59fd4b5420b8096f9a4f032651c,526,MITxPRO+AMxB+1T2018,-552.87213f,-4590.6523f
311d1b2861e14e3f8bfaa7a9a5f13514,527,MITxPRO+AMxB+1T2018,-3806.033f,-2128.4478f
ff2b962f52394cefacaaedf17cc229d8,528,MITxPRO+AMxB+1T2018,4006.8635f,1798.2643f
83573e9d567b4ab8bd842c9b84cd51a3,529,MITxPRO+AMxB+1T2018,-4010.581f,451.76056f
54ba949f63764598b91a551847b7c4b8,530,MITxPRO+AMxB+1T2018,1009.9664f,-4767.044f
49f849dfacd34f6f8ab1f68cc43d6ac4,531,MITxPRO+AMxB+1T2018,1068.3136f,-4796.614f
f498e09a4e0a498dbea450754af1ec6d,532,MITxPRO+AMxB+1T2018,1129.4037f,-4777.3086f
eb0fb315a003433497afc0a6a235bd45,533,MITxPRO+AMxB+1T2018,1161.8904f,-4713.714f
99312d6169214c80abb0f1ff843af63c,534,MITxPRO+AMxB+1T2018,1165.1813f,-4639.652f
b8083104495b401ca2dbf89321e3ebbc,535,MITxPRO+AMxB+1T2018,1053.5586f,-4290.64f
b3cad7fcaa80421aaebb7ab0227fc650,536,MITxPRO+AMxB+1T2018,1152.7787f,-4328.395f
dc0730f8e6454e15b38a77900bfd44e2,537,MITxPRO+AMxB+1T2018,-3667.9868f,-1698.4238f
b5766aa89ce14095a0bfbd7716a46483,538,MITxPRO+AMxB+1T2018,1187.8455f,-4270.7285f
ecff6625c4cb4231ab1992e5411e02e0,539,MITxPRO+AMxB+1T2018,1200.2207f,-4189.0513f
1009175442a64ccabbf501eaeaf11478,540,MITxPRO+AMxB+1T2018,1272.9661f,-4188.1953f
6cf9b8c275cc47be88fbfb60256b04e2,541,MITxPRO+AMxB+1T2018,4090.766f,1678.1971f
5c4690d551344e22a8f9bdc3b520e288,542,MITxPRO+AMxB+1T2018,3965.3289f,1913.6011f
e43187f81add4f8485884604034df855,543,MITxPRO+AMxB+1T2018,1314.4949f,-4141.9697f
c07d9d6470064625b9da3922c85d29b3,544,MITxPRO+AMxB+1T2018,3880.3157f,2118.1675f
d23d538bd3694cc6bbb62edb0f8e5c40,545,MITxPRO+AMxB+1T2018,1302.521f,-4057.641f
e5954595bfc54050acf59b57a9ac4abe,546,MITxPRO+AMxB+1T2018,1402.656f,-3875.3167f
3afe32e3c5f44b57b5f8967bc386bc1d,547,MITxPRO+AMxB+1T2018,2049.533f,-2202.9185f
50d4b24c0dfd4452a253ac7a61291669,548,MITxPRO+AMxB+1T2018,1584.7277f,-3671.459f
3f4d9d3d4a21425ca394a77702b35e54,549,MITxPRO+AMxB+1T2018,1731.6573f,-3703.5923f
8df2479a8d624127a9c01240924b43ed,550,MITxPRO+AMxB+1T2018,2775.7207f,-3753.7783f
9114308e9de24be39d6c642077e3805e,551,MITxPRO+AMxB+1T2018,3498.8213f,-2938.509f
a063f4538e8b46aabb433ddc9809b59e,552,MITxPRO+AMxB+1T2018,2927.6006f,-4509.2866f
ffd56e2685e94bcdbcd34dea17b84fc6,553,MITxPRO+AMxB+1T2018,3412.2244f,-3015.972f
63d61e6c990142c99e30890b2f028da5,554,MITxPRO+AMxB+1T2018,1849.997f,-3692.204f
93f2cdec9c60406a809f36723d127f67,555,MITxPRO+AMxB+1T2018,2076.5188f,-3920.7405f
56d9c79f7b3641bc9fbb3dafbbdd8e99,556,MITxPRO+AMxB+1T2018,-3914.2861f,-1794.6567f
0a0ab71ac1fd44deb00b8ce4a300af59,557,MITxPRO+AMxB+1T2018,3844.5852f,2227.2969f
47f7183436de4aa29ee785125acbabf3,558,MITxPRO+AMxB+1T2018,2228.8577f,-4534.0444f
6f1109a097a141e0b39a941ad74a8be3,559,MITxPRO+AMxB+1T2018,2168.8188f,-4021.4277f
a0fb917edc9b4d19a3459d96dd3263a8,560,MITxPRO+AMxB+1T2018,2234.367f,-4060.8384f
7e01056268804026bc6e0ad2242feb70,561,MITxPRO+AMxB+1T2018,2289.6287f,-4018.868f
c8bfb80f48a542c6a6d79fe3175636cd,562,MITxPRO+AMxB+1T2018,2277.179f,-3947.576f
ecbaf140af704a42a78099a2e680c946,563,MITxPRO+AMxB+1T2018,2058.788f,-3605.8967f
e1b5594c17ce45b5a419b1bd85d6e10f,564,MITxPRO+AMxB+1T2018,2184.495f,-3661.3926f
92486feef1f34f64a6152824764e2135,565,MITxPRO+AMxB+1T2018,-4118.583f,655.9725f
5c8db020c34f4f3a918205556a4e73ca,566,MITxPRO+AMxB+1T2018,2240.4116f,1389.0536f
c59e66fa3fdb47a592c7fd5e1d6df58c,567,MITxPRO+AMxB+1T2018,3065.7415f,-4644.503f
32a7aaab9b1041bfa1844573c7ad9e5e,568,MITxPRO+AMxB+1T2018,2559.6426f,-4060.5227f
5472d00d73d14d75abad312961abe0b6,569,MITxPRO+AMxB+1T2018,2623.282f,-4088.4102f
83d2b04747664f13b23ff5555cb69d73,570,MITxPRO+AMxB+1T2018,2682.4521f,-4048.8293f
d9f1ec6bc6044dd7a4261727bbb01a1a,571,MITxPRO+AMxB+1T2018,2653.709f,-3976.4456f
55c33e0fc5174be3958758d8f96a4fcf,572,MITxPRO+AMxB+1T2018,2609.393f,-3918.359f
abd495a6f2e348afae1693f8b5b81259,573,MITxPRO+AMxB+1T2018,2079.6284f,-3463.8162f
8689cbf217ae4e668201e31c85744919,574,MITxPRO+AMxB+1T2018,2135.1116f,-3398.8357f
949c7e164acb43188d7cb270d59fb305,575,MITxPRO+AMxB+1T2018,-4099.3564f,585.2452f
87cc87fa8d134b379bd72ceb0d3863d2,576,MITxPRO+AMxB+1T2018,2118.5354f,-3339.991f
fcc9965abdab43b189f8bc1f28e9c7f0,577,MITxPRO+AMxB+1T2018,1160.451f,-4524.324f
a67aaef4c52642538086867a9ff4ba99,578,MITxPRO+AMxB+1T2018,2010.3113f,-3247.6248f
0f5113b5f04049f495578c458a032dd4,579,MITxPRO+AMxB+1T2018,2911.0273f,-4811.923f
02c1922963db4602bcd8eb9ddf730b86,580,MITxPRO+AMxB+1T2018,-4197.9424f,859.3809f
3ce058e7f9b649c3961921a3b6175659,581,MITxPRO+AMxB+1T2018,1528.9761f,-201.08759f
658f04ca188c4b5a8e0c08160fd3e59d,582,MITxPRO+AMxB+1T2018,1973.0135f,-3126.6807f
376ab2558d6840b4b65bafeade17b077,583,MITxPRO+AMxB+1T2018,-3875.829f,-1886.5558f
18d99b14f8cb4290a54d630cfabc15a9,584,MITxPRO+AMxB+1T2018,-3649.1646f,-2889.3098f
be884bf9d0ff4ee9bed9298e948bcb6e,585,MITxPRO+AMxB+1T2018,1857.5789f,-4542.76f
6d672d08da794867b9cf50897ab3bc0b,586,MITxPRO+AMxB+1T2018,1745.1798f,669.8139f
9affd8ec4e7c485fb104f5d2e6cf607c,587,MITxPRO+AMxB+1T2018,2403.196f,-1309.031f
4c5566bb955b49dcbbc25482709cb77b,588,MITxPRO+AMxB+1T2018,2680.0005f,-2465.616f
2aac69840d844b7a8cf6ce6fb6379776,589,MITxPRO+AMxB+1T2018,-415.45596f,-4349.85f
b1d57890863249fe8d6f597edbad4112,590,MITxPRO+AMxB+1T2018,2264.464f,-2094.5305f
6c4de1af411a4fa49e43b982961edcab,591,MITxPRO+AMxB+1T2018,1900.9482f,-2955.5957f
cb0c056dda254d9899f7baf8ab1786d3,592,MITxPRO+AMxB+1T2018,1627.5997f,-2973.312f
8fa03b1b2994424a877f41676e31bb08,593,MITxPRO+AMxB+1T2018,2387.8767f,-2862.068f
12566503221a4f0ba19bd6053bc64688,594,MITxPRO+AMxB+1T2018,2513.7747f,-2776.5952f
befd748553b54479b588fd1a487376d2,595,MITxPRO+AMxB+1T2018,4226.442f,2386.9395f
d184eb6cc23a4ab8936c916e75363796,596,MITxPRO+AMxB+1T2018,2581.3735f,-2811.5916f
5903be23ba854b8aa1f21152e2a6c042,597,MITxPRO+AMxB+1T2018,3176.937f,-2593.1375f
8946402cfec84b0aa9abf2968a314b27,598,MITxPRO+AMxB+1T2018,2686.233f,-2966.9646f
82e497984e324a83912ffd710e782888,599,MITxPRO+AMxB+1T2018,3115.8213f,-3411.0684f
8573908c9cc34ce092611b98b3acd7cc,600,MITxPRO+AMxB+1T2018,2974.51f,-2976.897f
5be83dfa36e0455eb6d2f6cda3cf785c,601,MITxPRO+AMxB+1T2018,3276.204f,-3617.7275f
10deb3af4505487d8080932c5f5decd6,602,MITxPRO+AMxB+1T2018,3340.0686f,-3673.7822f
56154633f99c4b239ca677aa83e6f779,603,MITxPRO+AMxB+1T2018,3416.2944f,-3699.526f
07651fe1ae7b451d80e4442cb2e354fa,604,MITxPRO+AMxB+1T2018,3473.2366f,-3648.0754f
90b3423d3c364d0da3e75cb1e8761be7,605,MITxPRO+AMxB+1T2018,3454.2642f,-3575.8462f
2f080c328b2c4f8abc4b57a6ce2c5896,606,MITxPRO+AMxB+1T2018,3220.2783f,-3187.024f
cacd5806a9254245a8288ca2c82149d4,607,MITxPRO+AMxB+1T2018,3280.4858f,-3223.5508f
752b8f758f9949609122b145aaf8026c,608,MITxPRO+AMxB+1T2018,-4186.321f,224.22847f
f2e18386ea84488bbaea8b0fab66f2fb,609,MITxPRO+AMxB+1T2018,-3778.4646f,-2281.053f
ec129cda712c4184863c824e1ae76dea,610,MITxPRO+AMxB+1T2018,1769.0834f,-1954.6165f
f1d1cf08839f4d9abcd0fb93a8253bc4,611,MITxPRO+AMxB+1T2018,3306.8694f,-3161.955f
a0d6d2f7082b4433804bd300cdc2ccd8,612,MITxPRO+AMxB+1T2018,3387.8083f,-3126.7769f
70f84a2837ba43e294ec4cef93ed382e,613,MITxPRO+AMxB+1T2018,4229.565f,1353.7032f
7475f0990c0f4eb29465ce90105f9e69,614,MITxPRO+AMxB+1T2018,3580.6716f,-3113.1033f
c53c2e3e79a7426f84607282fddb1844,615,MITxPRO+AMxB+1T2018,2100.3203f,-2270.8074f
dd8fdb37f3ad414487bea545afa487d8,616,MITxPRO+AMxB+1T2018,3854.9492f,-3311.5876f
696987b4520e4e7c85f0e740863d351d,617,MITxPRO+AMxB+1T2018,3284.2517f,-3157.9192f
bf7f403ebd4441fd9a2f8064346fccf1,618,MITxPRO+AMxB+1T2018,-3746.949f,2754.454f
642a573fa1d847b68e92204efae1d23e,619,MITxPRO+AMxB+1T2018,3916.6543f,-3345.675f
f39cb1a4f1c64fb597f9dae126e75423,620,MITxPRO+AMxB+1T2018,4192.351f,1438.1599f
19aca9d0d4a14ee797271d1d7587bdc5,621,MITxPRO+AMxB+1T2018,3981.7004f,-3368.6306f
4e2d831a4cfd4277a447627ef1546e9c,622,MITxPRO+AMxB+1T2018,4038.607f,-3342.752f
a057d1754a574e24a517ad3a5c3521dd,623,MITxPRO+AMxB+1T2018,4033.6782f,-3281.4387f
530f8e802b434b9f80d949402ad1b53b,624,MITxPRO+AMxB+1T2018,3823.3574f,-2930.9092f
36c1ef4d3d0244e8844d737b025506d9,625,MITxPRO+AMxB+1T2018,3880.8862f,-2980.132f
b420a9b148994785be8c70e4eff19257,626,MITxPRO+AMxB+1T2018,-4193.599f,806.24335f
c0c126b664f740499c53acc71fe44eae,627,MITxPRO+AMxB+1T2018,3879.0828f,-2804.3179f
b95b5dc87768404ab420f58a3d444006,628,MITxPRO+AMxB+1T2018,4115.178f,-2807.4995f
c23f9d01f9ae471e980994efd53cc80d,629,MITxPRO+AMxB+1T2018,-4314.5566f,1520.0272f
5b697dc5aa9842a6a03d73390d38e764,630,MITxPRO+AMxB+1T2018,4199.113f,-2804.1504f
bcb52ae2899c48b9bbd36462b987cf44,631,MITxPRO+AMxB+1T2018,4270.695f,-2781.2527f
9e14b249d0d84b409aec4e224cafa2e9,632,MITxPRO+AMxB+1T2018,4279.124f,-2845.5986f
fd55de7129e347ba9c4463f56efa7bcf,633,MITxPRO+AMxB+1T2018,4073.7278f,-2625.4587f
724579c914a1436fa0dc7e966aca30a9,634,MITxPRO+AMxB+1T2018,4212.376f,-2570.0867f
2e42079b8deb46b4a324f2a03db149cf,635,MITxPRO+AMxB+1T2018,3931.3477f,1979.3396f
dad57b82eca54fd7b977b3995c90e40b,636,MITxPRO+AMxB+1T2018,4289.5776f,-2561.7678f
48fcaa53ca4444b59b40c36e7eac7e3d,637,MITxPRO+AMxB+1T2018,4332.041f,-2507.419f
f620765a820c4c29af57f40a85058bf4,638,MITxPRO+AMxB+1T2018,4273.731f,-2472.481f
84328e99640749658be2a3b14ca9c720,639,MITxPRO+AMxB+1T2018,4056.6594f,-2475.6443f
ce5fe156d01c41e19ff8fc66e5f7a72e,640,MITxPRO+AMxB+1T2018,4113.892f,-2383.8933f
0e1f570e96524c498e371f28eb466f68,641,MITxPRO+AMxB+1T2018,4164.6636f,1508.4016f
4118b055966149a39a75274732e1cc8a,642,MITxPRO+AMxB+1T2018,-2342.6882f,3310.1663f
0913da88a4504d5997de9eea3701423b,643,MITxPRO+AMxB+1T2018,4168.6816f,-2330.1956f
752880a4b6da4613aff927b22fee1be4,644,MITxPRO+AMxB+1T2018,4151.5874f,-2262.4082f
f47d88f7197e45f2bd7488fd1e823fbb,645,MITxPRO+AMxB+1T2018,4083.2415f,-2256.2642f
d3c052893bbd4d22b0667ff609a93d46,646,MITxPRO+AMxB+1T2018,3867.0132f,-2327.18f
52e67051bad64f708e309aa17087e84f,647,MITxPRO+AMxB+1T2018,4012.4604f,-1977.7595f
d77d619ea3504014b454c5e1b3960386,648,MITxPRO+AMxB+1T2018,3758.5593f,-2217.0146f
b430963fb31147f3aaf728ab46c45027,649,MITxPRO+AMxB+1T2018,3234.391f,-916.1368f
7732ffd94ba845c7bfa6b164ca2aafad,650,MITxPRO+AMxB+1T2018,-2794.6648f,-3814.9736f
eac871e8f62149fbb630c0a65755cf8d,651,MITxPRO+AMxB+1T2018,2840.6604f,-3691.4775f
c6febb8164444dbd9f26a9614c035387,652,MITxPRO+AMxB+1T2018,1595.2814f,419.58322f
f6d13b3698b348978c8bde56acbc3562,653,MITxPRO+AMxB+1T2018,3693.7083f,-2149.2366f
70917ff5f205451bbe00c34f8ef51959,654,MITxPRO+AMxB+1T2018,-2715.8464f,-3862.474f
f300d911c7c34c43b93ae46533bb19e3,655,MITxPRO+AMxB+1T2018,4386.685f,-93.835686f
18e3b60d5cd7489685d7d9b6e28496ac,656,MITxPRO+AMxB+1T2018,3398.5315f,-1822.1554f
64854ea1eb6b4a59825255ce7ad2cb30,657,MITxPRO+AMxB+1T2018,4040.761f,438.55594f
a07594cb4b114730a915e3580c254f92,658,MITxPRO+AMxB+1T2018,-3591.4f,2711.04f
67e86772bcd94ed3bc8edbe9f1cd7467,659,MITxPRO+AMxB+1T2018,-557.3414f,-4283.1357f
f4000110adbf412384c7d6b535774017,660,MITxPRO+AMxB+1T2018,3398.5115f,-1900.1511f
dea15bc9bbfb4889a0bcd5abe7b21d33,661,MITxPRO+AMxB+1T2018,3658.3662f,-1761.0504f
abe4cc1d66054dddbf408d5043f2921b,662,MITxPRO+AMxB+1T2018,3246.8652f,-1551.7883f
6342707e62ff45b2a187ed067cb646a3,663,MITxPRO+AMxB+1T2018,3349.2786f,-1546.832f
fee22a2f9dfa4fc5abd8a82aa14880ab,664,MITxPRO+AMxB+1T2018,3337.963f,-1430.6699f
732015d5737b41688cdcc6fb6fffae7c,665,MITxPRO+AMxB+1T2018,3225.6694f,-1388.1279f
72a0f3d8edc54e4696b1790f3e5f0836,666,MITxPRO+AMxB+1T2018,3248.389f,-2249.2964f
578c2b6ddddd4e34af9d122be164f33c,667,MITxPRO+AMxB+1T2018,3403.2793f,-1306.3888f
eb4aca32cc664e2ab3c8ff92ac0bf578,668,MITxPRO+AMxB+1T2018,3555.4932f,-1332.3606f
4976c21077344f5d821ce0753143fcfd,669,MITxPRO+AMxB+1T2018,4159.8584f,-1567.8204f
c0042f7d6c474938a3c148bd7327f564,670,MITxPRO+AMxB+1T2018,3556.1814f,-1437.4373f
30872b6a5bee4e2f86d6f964a0e5d3f0,671,MITxPRO+AMxB+1T2018,3473.208f,-1417.7272f
d1676d2cecee4010a1bfe838e2e963e0,672,MITxPRO+AMxB+1T2018,3438.3745f,-1137.1633f
284121c6292646548b8d11d26466f6b1,673,MITxPRO+AMxB+1T2018,3570.7498f,-1061.2704f
ee7ce809211f46afb301095c84d929b4,674,MITxPRO+AMxB+1T2018,4390.8716f,-1179.7145f
df2d2a812d1c48c1a5df73929df11cae,675,MITxPRO+AMxB+1T2018,3487.6038f,-946.70654f
304929f50dfd453d9491eafee1e5d72a,676,MITxPRO+AMxB+1T2018,4427.6665f,-943.4004f
104ab9aff6ea49c0979a84363490fa7c,677,MITxPRO+AMxB+1T2018,4676.1387f,-1182.607f
d6ee604711fa4b1cbf8dee302a14ce5c,678,MITxPRO+AMxB+1T2018,2804.0999f,-1300.1771f
915635f353604d5b93702e095abc84c5,679,MITxPRO+AMxB+1T2018,3495.3674f,-817.92145f
ff73702131d54ec09850f59896e5bb5b,680,MITxPRO+AMxB+1T2018,3175.6401f,-940.35803f
4003daa3870a412991535f06b519393b,681,MITxPRO+AMxB+1T2018,3646.0198f,-829.31573f
c1122deeb2054701b18e043764535747,682,MITxPRO+AMxB+1T2018,3743.4956f,-815.12573f
e0fe5e4d05384ba7b7c8edc2af1dea3d,683,MITxPRO+AMxB+1T2018,3789.4495f,-724.53156f
0d05ee4b348f479293d6143d99f9cf17,684,MITxPRO+AMxB+1T2018,3740.2886f,-628.403f
dd2e225706cb4e44a7fef817b25fc695,685,MITxPRO+AMxB+1T2018,3640.8684f,-665.63513f
2aed08cdf76c457d88c9e15470bd6585,686,MITxPRO+AMxB+1T2018,3428.8625f,-704.69196f
b33b5d7fb4c34f4a99ab89958231e6da,687,MITxPRO+AMxB+1T2018,3307.8074f,-618.9585f
ad4973be70874ac29ab940d3daf0b901,688,MITxPRO+AMxB+1T2018,3339.7397f,-532.0876f
c0f6f8693dbd46ba96c1bc9976c1de72,689,MITxPRO+AMxB+1T2018,4608.748f,-640.2272f
25ccb56ad1774291928821d83ae7fa42,690,MITxPRO+AMxB+1T2018,3970.581f,1849.9269f
30d4df2662fd487f82332252c61625f0,691,MITxPRO+AMxB+1T2018,3231.5208f,-573.91547f
5d25f47bb9c74cf8a309f72faacee512,692,MITxPRO+AMxB+1T2018,3131.363f,-535.6797f
770aa6c9505b452ea81c6678cce7c399,693,MITxPRO+AMxB+1T2018,3059.18f,-509.868f
532b0d7d15354e319d58e8cf25fedeeb,694,MITxPRO+AMxB+1T2018,2991.8176f,-486.72745f
a34a3bda017e4e77a3acc638059aedc2,695,MITxPRO+AMxB+1T2018,2908.1519f,-456.60178f
d42aec80f3c1448680ab4dc52e06d244,696,MITxPRO+AMxB+1T2018,2823.3193f,-427.91528f
ab7506a0f34f4a4fb4dd4b40dbb25465,697,MITxPRO+AMxB+1T2018,2888.912f,-358.43576f
5ae7b68dc9744a5884c22160bc8c133c,698,MITxPRO+AMxB+1T2018,2813.97f,-317.89536f
1c264c5f7377466b9165af2037ec7924,699,MITxPRO+AMxB+1T2018,2602.5278f,-354.68436f
66062755e4fd44e988f9260830023061,700,MITxPRO+AMxB+1T2018,2321.7263f,-554.98804f
a122be78c0d543548d7ba0efee3b9203,701,MITxPRO+AMxB+1T2018,2310.7947f,-154.10715f
0e9814b3e2a94eddae75b154afe501f3,702,MITxPRO+AMxB+1T2018,2713.8633f,316.74963f
66e3bd0917b64e4e96809be332b6d1a2,703,MITxPRO+AMxB+1T2018,2728.2024f,483.88586f
894b7805c53e43eeb36ea338bf21fccd,704,MITxPRO+AMxB+1T2018,2447.475f,585.82623f
504d2512a7124c439fd2861dbf720058,705,MITxPRO+AMxB+1T2018,2638.244f,630.09326f
744dad1a12a449ebbfc22c507e1e0e1f,706,MITxPRO+AMxB+1T2018,2869.075f,704.99066f
c31fb3fb9d2345daa85acc888c3a7722,707,MITxPRO+AMxB+1T2018,2708.8699f,932.6931f
c3a17ced051f48f9aecf9ed2dba5040e,708,MITxPRO+AMxB+1T2018,2836.25f,846.32263f
fd91554a3bf54ebdbf6ea67124fbd06c,709,MITxPRO+AMxB+1T2018,3006.155f,814.706f
805062b8b4664ff098462ad506b43de9,710,MITxPRO+AMxB+1T2018,2949.2427f,1056.4398f
7713838e40dc441cb6c177b4812abb79,711,MITxPRO+AMxB+1T2018,3031.0105f,965.65186f
b87d7692f55a4b3fb61ec362d003f121,712,MITxPRO+AMxB+1T2018,3267.551f,960.4669f
fcdcf1b84b5142cf842ab7f38837e052,713,MITxPRO+AMxB+1T2018,3263.5383f,1188.8215f
eb5dc0dcd2b344bf93cda555d263d213,714,MITxPRO+AMxB+1T2018,3346.6367f,1056.8381f
d5834a3d440842cfb49bd2ae4155ce16,715,MITxPRO+AMxB+1T2018,3557.5393f,953.77484f
ae627b44a7064a9e985818bca3168aca,716,MITxPRO+AMxB+1T2018,3765.4272f,723.037f
b17ad3fc44b54920af496b56db8954da,717,MITxPRO+AMxB+1T2018,3674.6377f,959.8915f
1dc93dd0b4a4496884b7a642e928e9d2,718,MITxPRO+AMxB+1T2018,3832.3984f,1001.50507f
fdf8793f40514f5eb52be78683cd15f5,719,MITxPRO+AMxB+1T2018,4187.0444f,687.8542f
134da9dee6614b159e933f632fc9246b,720,MITxPRO+AMxB+1T2018,3939.8433f,1002.2878f
a0764fe284df432a93f3c3633162d815,721,MITxPRO+AMxB+1T2018,4096.612f,1056.719f
ae7628ec83c642eaa51e2b9daabc5f97,722,MITxPRO+AMxB+1T2018,4293.3174f,1091.1389f
990e9e1eaae34af38fd128bd3924a3c0,723,MITxPRO+AMxB+1T2018,4755.9736f,674.3612f
49ae4fed6c184199bd02484d214fab98,724,MITxPRO+AMxB+1T2018,4377.729f,1113.5559f
51998570743849d09c8854a35fd0e899,725,MITxPRO+AMxB+1T2018,4433.9814f,1061.4484f
5fc036d992354184aea63c6a2b129671,726,MITxPRO+AMxB+1T2018,4448.076f,1148.4281f
6223568957ad410cb2ab109abb9d7af1,727,MITxPRO+AMxB+1T2018,4526.1084f,1199.2954f
c19b76c838684b42a5ad229ce72f2e95,728,MITxPRO+AMxB+1T2018,4597.756f,1231.1058f
7f8714239b3e42749cc5e54064cdf33b,729,MITxPRO+AMxB+1T2018,5060.946f,1042.4846f
75fdee1a2b714e34bdfdbc1a138d443f,730,MITxPRO+AMxB+1T2018,4606.732f,1305.5945f
0120d60dd7c74a658f369244cc09a745,731,MITxPRO+AMxB+1T2018,4641.034f,1367.2186f
af0046c8954e4c4dacf9446dd407d0f6,732,MITxPRO+AMxB+1T2018,4638.9697f,1447.251f
6864be53ce914d5c9666940de4b4c76d,733,MITxPRO+AMxB+1T2018,4710.4746f,1474.5483f
50b25bb6e39e44a2a311ac540922368d,734,MITxPRO+AMxB+1T2018,-4269.3813f,1021.5501f
23ee5c05f2474a96bf9b25af9326021e,735,MITxPRO+AMxB+1T2018,4912.403f,1465.4434f
c7d10458ce5c441b91376c56d31caab3,736,MITxPRO+AMxB+1T2018,3997.4746f,-2315.4465f
3300940085ca4f1fba64869b88a8bd3c,737,MITxPRO+AMxB+1T2018,4627.1816f,1525.4318f
f779419e25ff4add883ded2b21d75e8a,738,MITxPRO+AMxB+1T2018,-3720.2104f,-2503.7485f
68b3713115dd4c98b9624b7acaf64860,739,MITxPRO+AMxB+1T2018,4571.7974f,1586.0144f
fd9acf9edc0841dd8604ad25eec01a33,740,MITxPRO+AMxB+1T2018,4532.5195f,1646.2169f
d75c5a25b091478d9e5fdf297101562d,741,MITxPRO+AMxB+1T2018,4463.5806f,1662.5706f
97e4ffb46b44490381f4085e55333027,742,MITxPRO+AMxB+1T2018,4400.522f,1695.2556f
84d243bffac44731944ef5f1c914bd2c,743,MITxPRO+AMxB+1T2018,4321.3584f,1696.0021f
583b77e74455472aa7d00ccb022c2204,744,MITxPRO+AMxB+1T2018,4553.9644f,1976.0516f
036087245479445c8bb27b527a458c34,745,MITxPRO+AMxB+1T2018,-647.2274f,-4319.5635f
59621af3ee024470b827995528789ecc,746,MITxPRO+AMxB+1T2018,-4251.909f,1161.4727f
1dfa19e8aed54c5ea2ff7ea7a6b0368e,747,MITxPRO+AMxB+1T2018,2633.8962f,-3809.283f
04917f61a8594cddb0849008803f37aa,748,MITxPRO+AMxB+1T2018,-2146.9229f,-4258.851f
b3ae041c932a45f7b2140aa1385086fc,749,MITxPRO+AMxB+1T2018,-3508.9072f,2735.0024f
bfdcc71b035149749d2febc1609b36b7,750,MITxPRO+AMxB+1T2018,4244.6665f,1694.4971f
5b42266d225e4a83bcf7833af7143417,751,MITxPRO+AMxB+1T2018,4146.4795f,1670.5372f
253c3d95e42f47a192997f25c3fd5881,752,MITxPRO+AMxB+1T2018,4056.691f,1634.293f
7d262be6d9b74836b47447db1b70289d,753,MITxPRO+AMxB+1T2018,3932.819f,1668.9154f
