id,percent_grade,date_joined,enroll_created_date,cert_status,in_analysis
a958661,0.65,03/24/2017 14:25,03/08/2018 17:31,Pass,1
a140847,0.79,03/08/2018 17:49,03/08/2018 17:49,Pass,1
a756553,0.8,08/28/2017 20:48,03/08/2018 18:07,Pass,1
a117596,0.91,03/08/2018 18:08,03/08/2018 18:08,Pass,1
a747164,0.16,03/08/2018 18:15,03/08/2018 18:15,,1
a814112,0.97,03/08/2018 18:27,03/08/2018 18:27,Pass,1
a791319,0.9,03/08/2018 19:45,03/08/2018 19:51,Pass,1
a844904,0.93,03/08/2018 18:36,03/08/2018 19:53,Pass,1
a527900,0.81,03/08/2018 18:43,03/08/2018 19:53,Pass,1
a167448,0.88,03/08/2018 19:24,03/08/2018 19:53,Pass,1
a327839,0.94,03/08/2018 19:11,03/08/2018 19:54,Pass,1
a841238,0.26,03/08/2018 19:07,03/08/2018 19:54,,1
a115086,0.05,09/09/2016 20:09,03/08/2018 19:56,,1
a709966,0.74,10/13/2017 20:03,03/08/2018 19:57,Pass,1
a136921,0.99,03/08/2018 19:33,03/08/2018 19:57,Pass,1
a296907,0.85,07/21/2016 19:08,03/08/2018 19:58,Pass,1
a766819,0.79,08/18/2015 14:32,03/08/2018 20:22,Pass,1
a532715,0.95,08/22/2017 18:09,03/08/2018 20:39,Pass,1
a777932,0.57,06/30/2014 03:34,03/08/2018 20:55,,1
a500668,0.97,03/08/2018 20:56,03/08/2018 20:56,Pass,1
a746533,0.4,10/20/2014 21:47,03/08/2018 20:57,,1
a153441,0.63,09/02/2016 17:31,03/08/2018 21:01,Pass,1
a907027,0.73,08/01/2016 21:01,03/08/2018 21:03,Pass,1
a747653,0.98,03/08/2018 21:16,03/08/2018 21:16,Pass,1
a705854,0.98,03/08/2018 21:19,03/08/2018 21:19,Pass,1
a313261,0.12,03/08/2018 21:19,03/08/2018 21:19,,1
a284377,0.97,03/08/2018 21:27,03/08/2018 21:27,Pass,1
a911466,0.96,03/08/2018 21:28,03/08/2018 21:28,Pass,1
a724433,0.98,03/08/2018 21:28,03/08/2018 21:28,Pass,1
a339318,0.98,07/11/2017 18:26,03/08/2018 21:29,Pass,1
a557384,0.94,03/08/2018 21:31,03/08/2018 21:31,Pass,1
a899115,0.89,07/22/2016 13:09,03/08/2018 21:48,Pass,1
a979118,0.98,03/08/2018 21:53,03/08/2018 21:53,Pass,1
a286916,0.92,03/08/2018 22:02,03/08/2018 22:02,Pass,1
a228608,0.91,03/08/2018 22:12,03/08/2018 22:12,Pass,1
a439214,0.94,03/08/2018 22:21,03/08/2018 22:21,Pass,1
a588912,0.26,03/08/2018 23:17,03/08/2018 23:17,,1
a819352,0.99,03/09/2018 00:56,03/09/2018 00:56,Pass,1
a219062,0.79,03/09/2018 01:05,03/09/2018 01:05,Pass,1
a128289,0.89,07/17/2017 19:21,03/09/2018 03:00,Pass,1
a223063,0,03/09/2018 03:23,03/09/2018 03:26,,0
a601840,0.94,08/22/2016 15:26,03/09/2018 04:02,Pass,1
a938791,0.83,09/14/2016 13:49,03/09/2018 04:05,Pass,1
a413311,0.89,09/06/2016 12:29,03/09/2018 04:10,Pass,1
a373755,0.9,03/09/2018 11:20,03/09/2018 11:20,Pass,1
a460013,0.75,03/09/2018 12:55,03/09/2018 12:55,Pass,1
a221027,0.13,03/09/2018 13:04,03/09/2018 13:04,,1
a893416,0.62,03/09/2018 13:37,03/09/2018 13:37,Pass,1
a298814,0.92,09/15/2017 18:13,03/09/2018 14:29,Pass,1
a962173,0.62,08/24/2016 01:22,03/09/2018 14:38,Pass,1
a319383,0.91,03/09/2018 14:55,03/09/2018 14:55,Pass,1
a738537,0.95,03/09/2018 14:56,03/09/2018 14:56,Pass,1
a199888,0.62,09/01/2016 20:52,03/09/2018 14:59,Pass,1
a671736,0.91,09/14/2016 21:10,03/09/2018 15:01,Pass,1
a402862,0.44,03/09/2018 14:57,03/09/2018 15:02,,1
a495077,1,03/09/2018 15:17,03/09/2018 15:17,Pass,1
a413827,0.91,03/09/2018 15:23,03/09/2018 15:23,Pass,1
a985407,0.68,03/09/2018 15:27,03/09/2018 15:27,Pass,1
a489196,0.88,03/09/2018 15:30,03/09/2018 15:30,Pass,1
a391454,0.71,03/09/2018 15:38,03/09/2018 15:38,Pass,1
a729272,0.96,09/12/2016 21:00,03/09/2018 15:40,Pass,1
a689670,0.79,09/01/2016 00:20,03/09/2018 15:59,Pass,1
a250521,0.88,07/25/2016 21:12,03/09/2018 16:01,Pass,1
a183773,0.93,03/09/2018 16:05,03/09/2018 16:05,Pass,1
a834318,0.68,03/09/2018 16:23,03/09/2018 16:23,Pass,1
a433201,0.88,03/09/2018 16:27,03/09/2018 16:27,Pass,1
a667324,0.98,03/09/2018 16:28,03/09/2018 16:28,Pass,1
a813145,0.78,03/09/2018 16:43,03/09/2018 16:43,Pass,1
a118355,0.88,03/09/2018 16:46,03/09/2018 16:46,Pass,1
a730225,0.98,03/09/2018 16:54,03/09/2018 16:54,Pass,1
a551478,0.8,03/09/2018 16:55,03/09/2018 16:55,Pass,1
a292904,0.72,09/12/2016 08:28,03/09/2018 16:56,Pass,1
a568014,0.95,08/30/2016 19:48,03/09/2018 16:58,Pass,1
a248527,0.82,03/09/2018 16:58,03/09/2018 16:58,Pass,1
a802745,0.97,03/09/2018 17:08,03/09/2018 17:08,Pass,1
a580263,0.81,03/09/2018 17:32,03/09/2018 17:32,Pass,1
a685212,1,08/23/2017 18:04,03/09/2018 17:53,Pass,1
a181237,0,12/14/2017 17:14,03/09/2018 17:57,,0
a859373,0.96,07/22/2016 11:45,03/09/2018 18:09,Pass,1
a847253,0.99,03/09/2018 18:22,03/09/2018 18:22,Pass,1
a793157,0.89,03/09/2018 18:29,03/09/2018 18:29,Pass,1
a606534,0.97,03/08/2018 22:33,03/09/2018 18:42,Pass,1
a520629,0.79,09/12/2016 18:57,03/09/2018 18:44,Pass,1
a773026,0.31,08/30/2016 12:34,03/09/2018 18:51,,1
a431571,1,03/09/2018 18:51,03/09/2018 18:51,Pass,1
a777757,0.98,03/09/2018 19:35,03/09/2018 19:35,Pass,1
a553753,0.66,08/30/2016 17:43,03/09/2018 19:54,Pass,1
a361753,0.96,03/09/2018 20:01,03/09/2018 20:01,Pass,1
a785167,0.92,03/09/2018 20:05,03/09/2018 20:05,Pass,1
a386426,0.9,03/09/2018 20:07,03/09/2018 20:07,Pass,1
a248253,0.85,03/09/2018 20:12,03/09/2018 20:12,Pass,1
a405030,0.97,03/09/2018 20:17,03/09/2018 20:17,Pass,1
a824037,1,03/09/2018 21:03,03/09/2018 21:03,Pass,1
a177654,0,03/09/2018 21:16,03/09/2018 21:16,,0
a677022,0.98,03/09/2018 21:52,03/09/2018 21:52,Pass,1
a911091,0.95,03/09/2018 22:29,03/09/2018 22:29,Pass,1
a187852,0.9,03/10/2018 00:32,03/10/2018 00:32,Pass,1
a307221,0.05,04/02/2012 12:13,03/10/2018 22:52,,1
a946392,0,09/13/2013 19:44,03/10/2018 22:54,,0
a683127,0.97,08/10/2017 14:38,03/11/2018 18:38,Pass,1
a591341,0.95,09/02/2016 16:05,03/11/2018 18:49,Pass,1
a222057,0.6,07/27/2016 19:31,03/11/2018 19:21,Pass,1
a813400,0.79,08/11/2016 15:19,03/11/2018 19:24,Pass,1
a838363,0.81,07/22/2016 19:23,03/11/2018 19:25,Pass,1
a113396,0.99,09/15/2016 16:37,03/11/2018 19:30,Pass,1
a616420,0,07/18/2013 20:18,03/11/2018 19:49,,0
a548541,0.7,03/11/2018 21:12,03/11/2018 21:12,Pass,1
a824498,0.99,03/12/2018 08:54,03/12/2018 08:54,Pass,1
a475895,0.67,03/12/2018 12:06,03/12/2018 12:06,Pass,1
a632012,0.92,03/12/2018 12:26,03/12/2018 12:26,Pass,1
a629621,0.99,03/12/2018 13:18,03/12/2018 13:18,Pass,1
a758837,0.66,03/12/2018 13:22,03/12/2018 13:22,Pass,1
a879535,0.92,03/12/2018 14:13,03/12/2018 14:13,Pass,1
a302604,0.67,03/12/2018 14:50,03/12/2018 14:50,Pass,1
a629148,0.86,03/12/2018 14:54,03/12/2018 14:54,Pass,1
a398369,1,03/12/2018 15:14,03/12/2018 15:14,Pass,1
a485980,0,12/14/2017 20:26,03/12/2018 15:27,,0
a596641,0.79,03/12/2018 15:29,03/12/2018 15:29,Pass,1
a581024,0.79,09/07/2017 18:33,03/12/2018 15:31,Pass,1
a280509,0.6,09/09/2016 16:06,03/12/2018 16:57,Pass,1
a768063,1,03/12/2018 17:45,03/12/2018 17:45,Pass,1
a931946,0.84,03/13/2018 14:28,03/13/2018 14:28,Pass,1
a801536,0.97,03/13/2018 14:39,03/13/2018 14:39,Pass,1
a762070,0.98,03/13/2018 14:45,03/13/2018 14:45,Pass,1
a852549,0.93,03/13/2018 14:55,03/13/2018 14:55,Pass,1
a397161,0,03/13/2018 15:07,03/13/2018 15:07,,0
a562563,0.88,03/13/2018 15:10,03/13/2018 15:10,Pass,1
a870807,0.76,03/13/2018 15:14,03/13/2018 15:14,Pass,1
a174827,0.95,03/13/2018 15:18,03/13/2018 15:18,Pass,1
a613527,0.95,03/13/2018 15:21,03/13/2018 15:21,Pass,1
a818742,0.75,11/20/2017 19:41,03/13/2018 15:21,Pass,1
a485284,0.82,03/13/2018 15:39,03/13/2018 15:39,Pass,1
a468197,0.29,03/13/2018 15:59,03/13/2018 15:59,,1
a125925,0.89,03/13/2018 16:16,03/13/2018 16:16,Pass,1
a341512,0.62,03/13/2018 16:42,03/13/2018 16:42,Pass,1
a345618,0,03/13/2018 17:27,03/13/2018 17:27,,0
a760389,0.14,03/13/2018 17:44,03/13/2018 17:44,,1
a798047,1,03/13/2018 17:58,03/13/2018 17:58,Pass,1
a559832,0.65,09/07/2016 19:10,03/13/2018 18:44,Pass,1
a933110,0,03/08/2018 20:03,03/13/2018 18:57,,0
a298027,0.91,03/13/2018 19:06,03/13/2018 19:06,Pass,1
a742225,0.68,03/09/2018 20:12,03/13/2018 19:22,Pass,1
a149039,0.96,03/13/2018 19:27,03/13/2018 19:27,Pass,1
a981240,0.81,03/13/2018 19:32,03/13/2018 19:32,Pass,1
a394985,0.24,03/13/2018 20:39,03/13/2018 20:40,,1
a515153,0.84,03/13/2018 21:17,03/13/2018 21:17,Pass,1
a194423,0.99,03/13/2018 18:02,03/14/2018 00:16,Pass,1
a635294,0.97,08/18/2016 20:18,03/14/2018 12:58,Pass,1
a251220,0.15,03/14/2018 14:31,03/14/2018 14:31,,1
a684155,0.99,09/05/2017 20:46,03/14/2018 14:51,Pass,1
a515243,0.98,08/17/2016 16:46,03/14/2018 14:53,Pass,1
a329153,0.98,03/14/2018 15:09,03/14/2018 15:09,Pass,1
a162786,0.74,03/14/2018 15:12,03/14/2018 15:12,Pass,1
a269711,0.94,03/14/2018 15:50,03/14/2018 15:50,Pass,1
a721360,0.92,03/14/2018 16:08,03/14/2018 16:08,Pass,1
a171414,0.7,03/14/2018 16:47,03/14/2018 16:47,Pass,1
a582049,0.77,03/14/2018 17:01,03/14/2018 17:01,Pass,1
a815910,0.98,03/14/2018 17:57,03/14/2018 17:57,Pass,1
a386415,0.65,03/14/2018 18:14,03/14/2018 18:14,Pass,1
a568897,0.14,03/14/2018 19:21,03/14/2018 19:21,,1
a687395,0,02/12/2018 17:54,03/15/2018 02:52,,0
a588277,0,03/15/2018 03:47,03/15/2018 03:47,,0
a951227,0.7,03/15/2018 10:41,03/15/2018 10:41,Pass,1
a795042,0.62,09/13/2016 12:14,03/15/2018 12:31,Pass,1
a711382,0.79,03/15/2018 13:30,03/15/2018 13:30,Pass,1
a535022,0.64,03/15/2018 14:52,03/15/2018 14:52,Pass,1
a716130,0.98,03/15/2018 17:04,03/15/2018 17:04,Pass,1
a449909,0.96,03/15/2018 19:17,03/15/2018 19:17,Pass,1
a898244,0.96,11/12/2017 01:15,03/15/2018 19:18,Pass,1
a152956,0.9,03/15/2018 19:26,03/15/2018 19:26,Pass,1
a500246,0.62,08/07/2017 22:45,03/15/2018 19:26,Pass,1
a253955,0.61,03/15/2018 19:38,03/15/2018 19:38,Pass,1
a657072,0.98,03/15/2018 19:42,03/15/2018 19:42,Pass,1
a778255,0.99,03/15/2018 22:38,03/15/2018 22:38,Pass,1
a249578,0.96,03/15/2018 23:04,03/15/2018 23:04,Pass,1
a710711,0.97,08/10/2017 14:54,03/16/2018 13:14,Pass,1
a962637,0.81,03/16/2018 13:23,03/16/2018 13:23,Pass,1
a462500,0.95,12/08/2016 16:21,03/16/2018 13:48,Pass,1
a194198,0.85,03/16/2018 13:52,03/16/2018 13:52,Pass,1
a842374,0.98,03/16/2018 14:08,03/16/2018 14:08,Pass,1
a894616,0.96,03/16/2018 14:15,03/16/2018 14:15,Pass,1
a355770,0.91,03/16/2018 14:50,03/16/2018 14:50,Pass,1
a299603,0.96,03/16/2018 15:06,03/16/2018 15:06,Pass,1
a820378,0.98,03/09/2018 20:22,03/16/2018 15:32,Pass,1
a650594,0.93,03/16/2018 15:40,03/16/2018 15:40,Pass,1
a557238,0.76,03/16/2018 15:53,03/16/2018 15:53,Pass,1
a603643,1,03/16/2018 16:40,03/16/2018 16:40,Pass,1
a611910,0.67,03/16/2018 16:49,03/16/2018 16:49,Pass,1
a157453,0.84,03/16/2018 17:10,03/16/2018 17:10,Pass,1
a903097,0.95,03/16/2018 17:28,03/16/2018 17:28,Pass,1
a173198,0.83,03/16/2018 18:02,03/16/2018 18:02,Pass,1
a845246,0.97,03/16/2018 18:04,03/16/2018 18:04,Pass,1
a473003,0.83,03/16/2018 18:13,03/16/2018 18:13,Pass,1
a150796,0.98,03/16/2018 19:53,03/16/2018 19:53,Pass,1
a451551,0.2,03/16/2018 20:32,03/16/2018 20:32,,1
a689580,0.89,03/16/2018 20:43,03/16/2018 20:43,Pass,1
a331416,0.38,08/22/2017 04:46,03/17/2018 00:43,,1
a331684,0.78,09/22/2017 01:55,03/17/2018 01:25,Pass,1
a318973,0.95,07/21/2016 21:10,03/19/2018 01:52,Pass,1
a890304,0,03/19/2018 05:11,03/19/2018 05:11,,0
a751622,0.98,03/19/2018 08:29,03/19/2018 08:29,Pass,1
a668657,0.97,03/19/2018 12:47,03/19/2018 12:47,Pass,1
a756042,0.97,03/19/2018 14:05,03/19/2018 14:05,Pass,1
a932188,0.29,03/19/2018 14:07,03/19/2018 14:07,,1
a577033,0.96,03/19/2018 14:15,03/19/2018 14:15,Pass,1
a389720,0.8,03/19/2018 14:25,03/19/2018 14:27,Pass,1
a563791,0.94,03/19/2018 14:49,03/19/2018 14:49,Pass,1
a470203,0.96,03/19/2018 15:11,03/19/2018 15:11,Pass,1
a755309,0.97,03/19/2018 17:07,03/19/2018 17:07,Pass,1
a297819,0.61,03/19/2018 19:20,03/19/2018 19:20,Pass,1
a445090,0.84,03/19/2018 21:09,03/19/2018 21:09,Pass,1
a489814,0.87,03/19/2018 21:14,03/19/2018 21:14,Pass,1
a550906,0.45,03/19/2018 22:01,03/19/2018 22:01,,1
a181383,0.95,03/20/2018 08:32,03/20/2018 08:32,Pass,1
a480483,0.94,03/20/2018 10:43,03/20/2018 10:43,Pass,1
a765151,0.91,03/20/2018 11:33,03/20/2018 11:33,Pass,1
a862608,0,03/20/2018 13:23,03/20/2018 13:23,,0
a596084,0.68,03/20/2018 13:54,03/20/2018 13:54,Pass,1
a993847,0.76,09/12/2016 14:23,03/20/2018 14:00,Pass,1
a714593,0.98,08/21/2016 22:41,03/20/2018 14:52,Pass,1
a572523,0.83,08/31/2017 15:51,03/20/2018 14:57,Pass,1
a419809,0.81,08/16/2016 13:03,03/20/2018 14:59,Pass,1
a211649,0.67,03/20/2018 14:59,03/20/2018 14:59,Pass,1
a820888,0.96,03/20/2018 15:59,03/20/2018 15:59,Pass,1
a989276,0.93,03/20/2018 16:05,03/20/2018 16:05,Pass,1
a667600,0.81,03/20/2018 16:26,03/20/2018 16:26,Pass,1
a705050,0.89,03/20/2018 16:53,03/20/2018 16:53,Pass,1
a920285,0.9,03/20/2018 17:10,03/20/2018 17:10,Pass,1
a858138,0.96,03/20/2018 17:43,03/20/2018 17:43,Pass,1
a674160,0.87,03/20/2018 22:42,03/20/2018 22:44,Pass,1
a874686,0.95,03/21/2018 00:34,03/21/2018 00:34,Pass,1
a757778,0.93,09/09/2016 14:26,03/21/2018 01:45,Pass,1
a965175,0.94,07/22/2016 14:02,03/21/2018 01:47,Pass,1
a784632,0.95,07/21/2016 21:40,03/21/2018 02:04,Pass,1
a639694,0.96,03/21/2018 03:35,03/21/2018 03:35,Pass,1
a413885,0.98,03/21/2018 14:35,03/21/2018 14:35,Pass,1
a246145,0.96,03/21/2018 15:06,03/21/2018 15:06,Pass,1
a837840,0.67,03/21/2018 18:34,03/21/2018 18:34,Pass,1
a173853,0.7,03/13/2018 16:44,03/21/2018 19:40,Pass,1
a264374,0.69,03/21/2018 19:50,03/21/2018 19:50,Pass,1
a213523,0.97,07/21/2016 18:09,03/22/2018 13:22,Pass,1
a717742,0.99,03/22/2018 15:08,03/22/2018 15:08,Pass,1
a369492,0.98,08/23/2017 17:24,03/22/2018 15:26,Pass,1
a498781,0.82,03/22/2018 16:18,03/22/2018 16:18,Pass,1
a122196,0.97,03/22/2018 16:47,03/22/2018 16:47,Pass,1
a318472,0.94,03/22/2018 16:59,03/22/2018 16:59,Pass,1
a170015,0.08,03/22/2018 17:38,03/22/2018 17:38,,1
a289590,1,03/22/2018 19:21,03/22/2018 19:21,Pass,1
a153617,0.11,03/22/2018 23:01,03/22/2018 23:01,,1
a426333,0.99,03/23/2018 13:18,03/23/2018 13:18,Pass,1
a431011,0.63,08/26/2016 19:38,03/23/2018 13:35,Pass,1
a100932,0.98,08/21/2017 19:58,03/23/2018 14:03,Pass,1
a461353,0.65,03/22/2018 20:31,03/23/2018 14:36,Pass,1
a129973,0.99,03/23/2018 14:51,03/23/2018 14:51,Pass,1
a709562,0.24,10/21/2014 17:07,03/23/2018 14:52,,1
a530840,0.99,03/23/2018 16:11,03/23/2018 16:11,Pass,1
a966666,0.96,03/23/2018 16:14,03/23/2018 16:14,Pass,1
a912736,0.92,03/23/2018 16:55,03/23/2018 16:55,Pass,1
a988549,0.97,03/23/2018 17:19,03/23/2018 17:19,Pass,1
a536554,0.82,08/10/2017 21:45,03/23/2018 17:40,Pass,1
a250034,0.66,09/01/2016 14:08,03/23/2018 17:42,Pass,1
a158776,0.78,07/21/2016 21:51,03/23/2018 18:38,Pass,1
a665824,0.82,08/16/2017 16:59,03/23/2018 18:52,Pass,1
a711127,0.82,03/23/2018 20:35,03/23/2018 20:35,Pass,1
a797381,0.96,09/15/2014 17:04,03/25/2018 02:04,Pass,1
a130874,0.68,03/09/2017 18:41,03/25/2018 02:49,Pass,1
a166139,0.12,03/25/2018 12:23,03/25/2018 12:23,,1
a266176,0.99,08/25/2016 23:30,03/25/2018 19:28,Pass,1
a900051,0.93,02/11/2017 00:36,03/25/2018 19:38,Pass,1
a269483,0.98,03/25/2018 23:15,03/25/2018 23:15,Pass,1
a960722,0.98,03/25/2018 23:50,03/25/2018 23:50,Pass,1
a923229,0.92,10/04/2016 00:41,03/26/2018 13:42,Pass,1
a360774,0.86,03/26/2018 14:06,03/26/2018 14:06,Pass,1
a887708,0.96,03/26/2018 15:11,03/26/2018 15:11,Pass,1
a406162,0.93,03/26/2018 15:18,03/26/2018 15:18,Pass,1
a430481,0.27,03/26/2018 16:00,03/26/2018 16:00,,1
a850528,0.73,03/26/2018 16:29,03/26/2018 16:29,Pass,1
a151642,0.95,03/20/2018 19:35,03/26/2018 16:31,Pass,1
a163756,0.98,03/26/2018 17:32,03/26/2018 18:20,Pass,1
a723480,0.94,03/26/2018 19:18,03/26/2018 19:18,Pass,1
a229082,0.99,03/26/2018 19:30,03/26/2018 19:30,Pass,1
a875322,0.84,03/26/2018 19:39,03/26/2018 19:39,Pass,1
a996900,0.88,03/26/2018 19:40,03/26/2018 19:40,Pass,1
a565559,0.77,03/26/2018 13:37,03/26/2018 20:34,Pass,1
a470925,0.98,03/26/2018 21:14,03/26/2018 21:14,Pass,1
a889668,0.76,03/27/2018 06:15,03/27/2018 06:15,Pass,1
a263196,0.74,03/27/2018 14:57,03/27/2018 14:57,Pass,1
a775166,0.45,03/27/2018 15:21,03/27/2018 15:21,,1
a820070,0.69,03/27/2018 16:31,03/27/2018 16:31,Pass,1
a418840,0.97,03/27/2018 16:38,03/27/2018 16:38,Pass,1
a461611,0.76,03/27/2018 17:09,03/27/2018 17:09,Pass,1
a843093,0.78,03/27/2018 17:46,03/27/2018 17:46,Pass,1
a847233,0.97,10/22/2014 15:53,03/27/2018 18:11,Pass,1
a174428,0.98,03/27/2018 18:32,03/27/2018 18:32,Pass,1
a209857,0.71,03/27/2018 18:47,03/27/2018 18:47,Pass,1
a368400,0.63,03/27/2018 20:03,03/27/2018 20:03,Pass,1
a307203,0.96,09/12/2016 15:09,03/28/2018 14:15,Pass,1
a673922,0.63,03/28/2018 15:07,03/28/2018 15:07,Pass,1
a858630,0.99,03/28/2018 15:13,03/28/2018 15:13,Pass,1
a198939,0.89,08/17/2016 15:54,03/28/2018 16:08,Pass,1
a893329,0.96,09/08/2016 11:28,03/28/2018 16:50,Pass,1
a166462,0.94,08/04/2017 19:56,03/28/2018 16:52,Pass,1
a165264,0.69,03/28/2018 16:53,03/28/2018 16:53,Pass,1
a544695,0.84,03/28/2018 18:08,03/28/2018 18:08,Pass,1
a627085,0.89,08/24/2016 22:05,03/28/2018 18:37,Pass,1
a272620,0.68,03/28/2018 19:00,03/28/2018 19:00,Pass,1
a560495,0.66,03/28/2018 19:36,03/28/2018 19:36,Pass,1
a792448,0.89,03/29/2018 03:41,03/29/2018 03:41,Pass,1
a627042,0.48,08/12/2016 17:05,03/29/2018 13:51,,1
a198204,0.99,03/29/2018 14:11,03/29/2018 14:11,Pass,1
a905459,1,07/07/2015 01:16,03/29/2018 14:26,Pass,1
a729810,0,12/06/2017 16:26,03/29/2018 14:33,,0
a911185,0.69,08/17/2016 16:31,03/29/2018 15:39,Pass,1
a811341,0.98,03/29/2018 17:14,03/29/2018 17:14,Pass,1
a213442,0.9,07/21/2016 20:42,03/29/2018 17:54,Pass,1
a465601,0.96,03/29/2018 19:01,03/29/2018 19:01,Pass,1
a870947,0.93,01/21/2015 19:00,03/30/2018 13:31,Pass,1
a102526,0.37,07/27/2016 16:15,03/30/2018 13:34,,1
a992269,0.99,03/30/2018 13:50,03/30/2018 13:50,Pass,1
a871298,0.94,03/30/2018 14:43,03/30/2018 14:43,Pass,1
a412452,0.53,03/30/2018 15:59,03/30/2018 15:59,,1
a537503,1,03/30/2018 18:35,03/30/2018 18:35,Pass,1
a858850,0.83,03/30/2018 20:20,03/30/2018 20:20,Pass,1
a942243,0.77,03/30/2018 23:11,03/30/2018 23:11,Pass,1
a120852,0.64,04/01/2018 15:58,04/01/2018 15:58,Pass,1
a754993,0.94,04/02/2018 14:40,04/02/2018 14:40,Pass,1
a567155,0,09/08/2017 23:43,04/02/2018 16:34,,0
a175610,0.98,04/02/2018 17:30,04/02/2018 17:30,Pass,1
a897237,0,07/25/2016 16:11,04/02/2018 17:47,,0
a957928,1,04/02/2018 17:58,04/02/2018 17:58,Pass,1
a498310,0.69,04/02/2018 18:03,04/02/2018 18:03,Pass,1
a527336,0.92,07/29/2016 18:01,04/02/2018 18:47,Pass,1
a518162,0.97,04/02/2018 19:54,04/02/2018 19:54,Pass,1
a941514,0.94,03/09/2018 19:08,04/02/2018 20:04,Pass,1
a632284,0.99,04/03/2018 06:12,04/03/2018 06:12,Pass,1
a832988,0.96,04/03/2018 10:46,04/03/2018 10:46,Pass,1
a862146,0.99,04/03/2018 16:09,04/03/2018 16:09,Pass,1
a796027,0,04/03/2018 16:40,04/03/2018 16:40,,0
a627209,0.29,04/03/2018 17:05,04/03/2018 17:05,,1
a955224,0.8,03/19/2018 21:59,04/03/2018 17:06,Pass,1
a640130,0.79,04/03/2018 17:32,04/03/2018 17:32,Pass,1
a490284,0.66,04/03/2018 21:31,04/03/2018 21:31,Pass,1
a284515,0.92,04/04/2018 13:47,04/04/2018 13:47,Pass,1
a670147,0.91,04/04/2018 18:20,04/04/2018 18:20,Pass,1
a737722,0.67,04/04/2018 19:06,04/04/2018 19:06,Pass,1
a817236,0.16,08/20/2017 01:03,04/04/2018 20:32,,1
a584212,0.32,04/04/2018 20:52,04/04/2018 20:52,,1
a933340,0.99,04/05/2018 12:13,04/05/2018 12:13,Pass,1
a959793,0.66,04/05/2018 13:42,04/05/2018 13:42,Pass,1
a372336,0.95,04/05/2018 14:32,04/05/2018 14:32,Pass,1
a174415,0.95,04/05/2018 14:37,04/05/2018 14:37,Pass,1
a669682,0.68,09/15/2016 18:58,04/05/2018 14:48,Pass,1
a581433,0.24,08/30/2016 21:47,04/05/2018 16:38,,1
a380323,0.27,03/09/2018 18:20,04/05/2018 19:15,,1
a620540,0.96,03/26/2018 23:41,04/05/2018 19:19,Pass,1
a553278,0.91,04/05/2018 19:39,04/05/2018 19:39,Pass,1
a505928,0.94,04/06/2018 14:06,04/06/2018 14:06,Pass,1
a270390,0.15,04/06/2018 16:19,04/06/2018 16:19,,1
a641799,0.96,04/06/2018 16:24,04/06/2018 16:24,Pass,1
a947878,0.8,04/06/2018 16:54,04/06/2018 16:54,Pass,1
a569326,0.82,04/06/2018 17:12,04/06/2018 17:12,Pass,1
a764903,0.8,04/06/2018 17:30,04/06/2018 17:30,Pass,1
a386427,0.88,04/03/2018 19:02,04/06/2018 18:45,Pass,1
a747654,0.98,04/06/2018 21:09,04/06/2018 21:09,Pass,1
a978754,0.83,04/06/2018 21:45,04/06/2018 21:45,Pass,1
a811696,0,07/26/2017 19:29,04/07/2018 00:35,,0
a343384,0.98,04/07/2018 16:53,04/07/2018 16:53,Pass,1
a334094,0.76,12/11/2017 18:11,04/09/2018 13:37,Pass,1
a147751,0.79,08/18/2017 19:39,04/09/2018 13:47,Pass,1
a165403,0.78,04/09/2018 14:03,04/09/2018 14:03,Pass,1
a196777,0.8,04/09/2018 14:36,04/09/2018 14:36,Pass,1
a453544,0.99,04/09/2018 20:37,04/09/2018 20:37,Pass,1
a693807,0.79,08/12/2016 15:02,04/10/2018 14:52,Pass,1
a942044,0.76,03/09/2018 19:04,04/10/2018 20:16,Pass,1
a476750,0.27,04/10/2018 21:48,04/10/2018 21:48,,1
a725940,0.77,04/11/2018 12:25,04/11/2018 12:25,Pass,1
a676155,0.98,08/17/2016 17:41,04/11/2018 12:29,Pass,1
a950599,0.95,08/24/2016 15:24,04/11/2018 12:35,Pass,1
a624868,0.67,04/11/2018 12:50,04/11/2018 13:08,Pass,1
a874341,0.91,04/11/2018 16:20,04/11/2018 16:20,Pass,1
a305785,0.66,04/10/2018 17:53,04/11/2018 16:22,Pass,1
a278522,0.98,04/11/2018 16:39,04/11/2018 16:39,Pass,1
a645994,0.98,04/11/2018 17:05,04/11/2018 17:05,Pass,1
a491152,0.9,04/11/2018 17:07,04/11/2018 17:07,Pass,1
a597482,0.98,04/11/2018 17:24,04/11/2018 17:24,Pass,1
a340051,0.93,04/11/2018 17:37,04/11/2018 17:37,Pass,1
a401472,1,04/11/2018 18:31,04/11/2018 18:36,Pass,1
a308901,0.66,04/11/2018 19:11,04/11/2018 19:11,Pass,1
a124143,0.81,04/11/2018 19:16,04/11/2018 19:16,Pass,1
a400767,0.97,04/11/2018 20:07,04/11/2018 20:07,Pass,1
a548419,0.79,04/11/2018 20:12,04/11/2018 20:12,Pass,1
a714436,0.92,09/05/2017 16:10,04/11/2018 21:02,Pass,1
a825568,0.98,04/11/2018 21:17,04/11/2018 21:17,Pass,1
a945133,0.99,04/11/2018 23:54,04/11/2018 23:54,Pass,1
a984395,0.2,04/12/2018 01:06,04/12/2018 01:06,,1
a119417,0.87,04/12/2018 06:32,04/12/2018 06:32,Pass,1
a957868,0.6,03/21/2017 16:32,04/12/2018 13:12,Pass,1
a387451,0.96,08/31/2016 14:58,04/12/2018 13:49,Pass,1
a204699,0.63,09/07/2016 01:13,04/12/2018 13:52,Pass,1
a230947,0.86,04/12/2018 13:56,04/12/2018 13:56,Pass,1
a355740,0.77,12/18/2017 20:37,04/12/2018 14:07,Pass,1
a738244,0.98,04/12/2018 14:11,04/12/2018 14:11,Pass,1
a433195,0.96,04/12/2018 16:34,04/12/2018 16:34,Pass,1
a293859,0.84,04/12/2018 16:48,04/12/2018 16:48,Pass,1
a875513,0.82,04/12/2018 16:55,04/12/2018 16:55,Pass,1
a586286,0.97,04/12/2018 17:09,04/12/2018 17:09,Pass,1
a475226,0.77,08/24/2016 12:41,04/12/2018 17:09,Pass,1
a897989,0.95,04/12/2018 17:21,04/12/2018 17:21,Pass,1
a959520,0.62,04/12/2018 17:22,04/12/2018 17:22,Pass,1
a358452,0.25,04/12/2018 17:47,04/12/2018 17:47,,1
a536322,0,04/12/2018 17:58,04/12/2018 17:58,,0
a106813,1,03/26/2018 15:22,04/12/2018 18:06,Pass,1
a405190,0.97,04/12/2018 18:38,04/12/2018 18:38,Pass,1
a209159,0.96,04/12/2018 18:31,04/12/2018 18:39,Pass,1
a871811,0.66,04/12/2018 19:11,04/12/2018 19:11,Pass,1
a453729,0.81,04/12/2018 19:15,04/12/2018 19:15,Pass,1
a684423,0.63,04/12/2018 19:44,04/12/2018 19:44,Pass,1
a967265,0.77,08/18/2016 19:08,04/12/2018 19:46,Pass,1
a459375,0.86,04/12/2018 19:53,04/12/2018 19:53,Pass,1
a607991,0.89,04/12/2018 19:54,04/12/2018 19:54,Pass,1
a399924,0.62,04/12/2018 20:03,04/12/2018 20:03,Pass,1
a278202,0.11,04/12/2018 19:54,04/12/2018 20:13,,1
a524123,0,01/25/2018 04:53,04/12/2018 20:15,,0
a980965,0.97,08/24/2016 16:52,04/12/2018 20:20,Pass,1
a994795,0.94,04/12/2018 18:05,04/12/2018 20:36,Pass,1
a819677,0.9,04/12/2018 20:37,04/12/2018 20:37,Pass,1
a507368,0.93,04/12/2018 20:38,04/12/2018 20:43,Pass,1
a186179,0.97,04/12/2018 20:55,04/12/2018 20:55,Pass,1
a721231,0.93,04/12/2018 21:23,04/12/2018 21:23,Pass,1
a574016,0.09,04/12/2018 21:28,04/12/2018 21:28,,1
a236668,0.32,04/12/2018 22:21,04/12/2018 22:21,,1
a915512,0.98,04/13/2018 00:19,04/13/2018 00:19,Pass,1
a211742,0.69,08/24/2016 18:04,04/13/2018 01:47,Pass,1
a651702,0.96,04/13/2018 12:22,04/13/2018 12:22,Pass,1
a403457,0.89,08/25/2016 19:19,04/13/2018 12:24,Pass,1
a132221,0.66,07/26/2016 20:57,04/13/2018 12:27,Pass,1
a119607,0.97,04/13/2018 12:33,04/13/2018 12:33,Pass,1
a693581,0.94,04/13/2018 13:37,04/13/2018 13:37,Pass,1
a515596,0.75,08/24/2017 17:36,04/13/2018 14:45,Pass,1
a321909,0.94,04/13/2018 14:53,04/13/2018 14:53,Pass,1
a798848,0.94,04/13/2018 14:59,04/13/2018 14:59,Pass,1
a757421,0.77,04/13/2018 15:00,04/13/2018 15:00,Pass,1
a453628,0.96,04/13/2018 15:06,04/13/2018 15:06,Pass,1
a758110,0.41,04/02/2018 14:56,04/13/2018 15:28,,1
a513770,0.72,04/13/2018 15:39,04/13/2018 15:39,Pass,1
a666301,0.24,04/13/2018 15:42,04/13/2018 15:42,,1
a712782,0.19,04/13/2018 15:34,04/13/2018 15:46,,1
a124956,0.85,04/13/2018 15:53,04/13/2018 15:53,Pass,1
a223287,0.98,04/13/2018 16:02,04/13/2018 16:02,Pass,1
a796337,0.41,04/13/2018 16:23,04/13/2018 16:23,,1
a654529,0.3,04/13/2018 16:24,04/13/2018 16:24,,1
a674449,0.98,04/13/2018 16:50,04/13/2018 16:50,Pass,1
a770503,0.99,04/13/2018 16:55,04/13/2018 16:55,Pass,1
a196485,0.05,08/25/2016 19:25,04/13/2018 16:58,,1
a724267,0.96,04/13/2018 17:32,04/13/2018 17:32,Pass,1
a829893,0.82,04/13/2018 17:49,04/13/2018 17:49,Pass,1
a287260,0.98,06/28/2013 01:22,04/13/2018 18:00,Pass,1
a110635,0.76,08/26/2016 08:06,04/13/2018 18:26,Pass,1
a303661,0.91,04/11/2018 14:37,04/13/2018 18:49,Pass,1
a996170,0.93,04/13/2018 19:19,04/13/2018 19:19,Pass,1
a628170,0.1,04/13/2018 20:23,04/13/2018 20:23,,1
a767408,0.98,04/13/2018 23:34,04/13/2018 23:34,Pass,1
a601756,0.91,08/24/2016 16:22,04/14/2018 00:27,Pass,1
a767999,0.41,01/03/2017 20:27,04/14/2018 00:39,,1
a455259,0.97,03/21/2018 15:59,04/14/2018 01:41,Pass,1
a732059,0.98,03/20/2018 16:08,04/14/2018 01:43,Pass,1
a779194,0.97,03/13/2018 13:43,04/14/2018 01:45,Pass,1
a437158,0.95,04/14/2018 02:50,04/14/2018 02:58,Pass,1
a100467,0.96,09/08/2016 15:39,04/14/2018 03:22,Pass,1
a938185,0.95,08/01/2016 18:45,04/14/2018 13:39,Pass,1
a196610,0.9,08/21/2017 16:57,04/14/2018 13:41,Pass,1
a759147,0.81,08/10/2016 17:34,04/14/2018 18:55,Pass,1
a541552,0.99,04/14/2018 19:47,04/14/2018 19:47,Pass,1
a468933,0.97,04/14/2018 20:38,04/14/2018 20:38,Pass,1
a389216,0.99,04/13/2018 14:40,04/15/2018 01:53,Pass,1
a845948,0.99,03/08/2018 21:58,04/15/2018 02:26,Pass,1
a413026,0.77,04/15/2018 17:37,04/15/2018 17:37,Pass,1
a437192,0.97,04/15/2018 19:50,04/15/2018 19:50,Pass,1
a216716,0.69,04/15/2018 20:01,04/15/2018 20:01,Pass,1
a901196,0.28,04/06/2018 18:21,04/16/2018 01:23,,1
a646746,0.96,04/13/2018 19:28,04/16/2018 01:52,Pass,1
a783196,0.99,04/16/2018 02:43,04/16/2018 02:43,Pass,1
a869233,0.62,04/12/2018 15:21,04/16/2018 09:04,Pass,1
a880477,0.92,04/16/2018 09:18,04/16/2018 09:18,Pass,1
a681694,0.82,04/16/2018 12:18,04/16/2018 12:18,Pass,1
a467432,0.99,04/16/2018 12:50,04/16/2018 12:50,Pass,1
a254643,0.95,04/16/2018 12:56,04/16/2018 12:56,Pass,1
a797011,0.23,04/16/2018 13:04,04/16/2018 13:04,,1
a174223,0.33,04/16/2018 13:12,04/16/2018 13:12,,1
a993787,0.72,04/16/2018 13:22,04/16/2018 13:22,Pass,1
a697164,0.98,04/16/2018 13:42,04/16/2018 13:42,Pass,1
a938947,0.87,04/16/2018 13:54,04/16/2018 13:54,Pass,1
a344381,0.99,04/16/2018 14:01,04/16/2018 14:02,Pass,1
a823995,0.75,04/16/2018 14:24,04/16/2018 14:24,Pass,1
a984211,0.99,04/16/2018 14:35,04/16/2018 14:35,Pass,1
a456807,0.2,04/16/2018 14:41,04/16/2018 14:41,,1
a489783,0.96,04/16/2018 14:55,04/16/2018 14:55,Pass,1
a768740,0.84,03/21/2018 15:03,04/16/2018 15:30,Pass,1
a413356,0.99,04/16/2018 15:56,04/16/2018 15:56,Pass,1
a700256,0.69,08/09/2016 18:18,04/16/2018 15:58,Pass,1
a490007,1,04/16/2018 16:00,04/16/2018 16:00,Pass,1
a907014,0.96,04/16/2018 16:05,04/16/2018 16:05,Pass,1
a249519,0.96,04/16/2018 16:30,04/16/2018 16:30,Pass,1
a843558,0.68,04/16/2018 16:32,04/16/2018 16:32,Pass,1
a820403,0.7,04/16/2018 16:37,04/16/2018 16:37,Pass,1
a568028,0.82,03/12/2018 12:58,04/16/2018 17:00,Pass,1
a456781,0.82,04/16/2018 17:05,04/16/2018 17:05,Pass,1
a367702,0.99,04/16/2018 17:08,04/16/2018 17:08,Pass,1
a992602,0.79,04/16/2018 17:09,04/16/2018 17:09,Pass,1
a358929,0.98,09/08/2017 21:36,04/16/2018 17:09,Pass,1
a324598,0.93,04/16/2018 17:16,04/16/2018 17:16,Pass,1
a686767,0.9,03/08/2018 18:00,04/16/2018 17:23,Pass,1
a203479,0.97,04/16/2018 17:26,04/16/2018 17:26,Pass,1
a694915,0.79,04/16/2018 17:27,04/16/2018 17:27,Pass,1
a558636,0.95,04/16/2018 17:27,04/16/2018 17:27,Pass,1
a942673,0.91,04/16/2018 17:27,04/16/2018 17:27,Pass,1
a530145,0.75,03/09/2018 16:58,04/16/2018 17:28,Pass,1
a271308,0.97,04/16/2018 17:32,04/16/2018 17:32,Pass,1
a771314,0.68,03/09/2018 18:36,04/16/2018 17:39,Pass,1
a685843,0.69,03/09/2018 21:26,04/16/2018 17:40,Pass,1
a154158,0.97,04/16/2018 17:48,04/16/2018 17:48,Pass,1
a305209,0.93,03/09/2018 20:21,04/16/2018 17:53,Pass,1
a467405,0.98,02/18/2015 20:27,04/16/2018 17:55,Pass,1
a727927,0.88,03/13/2018 15:38,04/16/2018 18:02,Pass,1
a482568,0.68,04/16/2018 18:19,04/16/2018 18:19,Pass,1
a163089,0.71,04/16/2018 18:26,04/16/2018 18:26,Pass,1
a543024,0.76,03/09/2018 18:39,04/16/2018 18:30,Pass,1
a145782,0.98,03/21/2018 15:24,04/16/2018 18:32,Pass,1
a366431,0.99,04/16/2018 18:33,04/16/2018 18:33,Pass,1
a256319,0.95,03/15/2018 13:36,04/16/2018 18:34,Pass,1
a510546,0.93,04/16/2018 18:36,04/16/2018 18:36,Pass,1
a987702,0.93,03/09/2018 22:15,04/16/2018 18:37,Pass,1
a111731,0.98,03/12/2018 13:13,04/16/2018 18:39,Pass,1
a613948,0.44,03/15/2018 20:01,04/16/2018 18:40,,1
a190211,0.11,04/16/2018 18:44,04/16/2018 18:44,,1
a694159,0.99,04/16/2018 18:41,04/16/2018 18:46,Pass,1
a783547,0.99,04/16/2018 18:56,04/16/2018 18:56,Pass,1
a806690,0.94,04/16/2018 19:00,04/16/2018 19:01,Pass,1
a924276,0.91,04/16/2018 19:10,04/16/2018 19:10,Pass,1
a483925,0.99,03/09/2018 19:08,04/16/2018 19:12,Pass,1
a758083,0.6,04/16/2018 19:16,04/16/2018 19:16,Pass,1
a765001,0.68,04/16/2018 19:20,04/16/2018 19:20,Pass,1
a944683,0.91,03/16/2018 16:03,04/16/2018 19:21,Pass,1
a102270,0.98,04/16/2018 19:22,04/16/2018 19:22,Pass,1
a840451,0.3,04/16/2018 19:22,04/16/2018 19:22,,1
a141313,0.83,04/16/2018 19:22,04/16/2018 19:22,Pass,1
a506710,0.71,04/16/2018 19:23,04/16/2018 19:23,Pass,1
a486564,0.97,03/16/2018 13:58,04/16/2018 19:25,Pass,1
a774196,0.99,04/16/2018 19:31,04/16/2018 19:31,Pass,1
a829847,0.92,03/16/2018 17:08,04/16/2018 19:36,Pass,1
a928586,0.95,04/16/2018 19:39,04/16/2018 19:39,Pass,1
a567728,0.99,04/16/2018 19:39,04/16/2018 19:39,Pass,1
a635665,0.99,03/20/2018 03:18,04/16/2018 19:46,Pass,1
a228366,0.77,03/16/2018 16:08,04/16/2018 19:48,Pass,1
a678282,0.9,03/19/2018 13:32,04/16/2018 19:53,Pass,1
a338703,0.63,03/08/2018 21:04,04/16/2018 20:23,Pass,1
a124512,0.97,03/16/2018 17:58,04/16/2018 20:24,Pass,1
a173658,0.98,03/14/2018 13:16,04/16/2018 20:31,Pass,1
a289922,0.74,04/16/2018 20:30,04/16/2018 20:32,Pass,1
a718501,0.98,04/16/2018 20:39,04/16/2018 20:39,Pass,1
a769678,0.83,04/16/2018 20:36,04/16/2018 20:43,Pass,1
a281900,0.7,03/16/2018 17:04,04/16/2018 20:44,Pass,1
a660059,0.97,03/23/2018 15:09,04/16/2018 20:50,Pass,1
a171542,0.98,03/22/2018 16:12,04/16/2018 20:51,Pass,1
a798491,0.96,04/16/2018 20:52,04/16/2018 20:52,Pass,1
a885699,0.88,04/16/2018 21:14,04/16/2018 21:14,Pass,1
a590345,0.49,04/16/2018 21:22,04/16/2018 21:22,,1
a392379,0.95,04/16/2018 21:25,04/16/2018 21:25,Pass,1
a632161,1,03/21/2018 13:51,04/16/2018 21:26,Pass,1
a405614,0.97,04/16/2018 22:00,04/16/2018 22:00,Pass,1
a672410,0.98,04/16/2018 22:04,04/16/2018 22:04,Pass,1
a109296,0.97,04/16/2018 22:30,04/16/2018 22:30,Pass,1
a707497,0.72,04/16/2018 22:30,04/16/2018 22:30,Pass,1
a695055,0.93,03/12/2018 13:36,04/16/2018 23:15,Pass,1
a753133,0.9,03/29/2018 21:58,04/16/2018 23:19,Pass,1
a861599,0.95,04/17/2018 00:00,04/17/2018 00:00,Pass,1
a504719,0.98,03/28/2018 16:32,04/17/2018 00:06,Pass,1
a363982,0.92,07/27/2016 15:14,04/17/2018 00:24,Pass,1
a699385,0.77,03/23/2018 23:01,04/17/2018 00:40,Pass,1
a880648,0.99,03/22/2018 14:08,04/17/2018 01:09,Pass,1
a149382,0.75,04/17/2018 01:43,04/17/2018 01:43,Pass,1
a472912,0.97,04/17/2018 03:16,04/17/2018 03:16,Pass,1
a420493,0.88,04/17/2018 10:54,04/17/2018 10:54,Pass,1
a832399,0.99,04/06/2018 17:48,04/17/2018 10:57,Pass,1
a376288,0.61,04/12/2018 13:18,04/17/2018 10:58,Pass,1
a585958,0.84,04/17/2018 12:19,04/17/2018 12:19,Pass,1
a812216,0.92,04/17/2018 12:28,04/17/2018 12:28,Pass,1
a982685,0.99,04/17/2018 12:34,04/17/2018 12:34,Pass,1
a904191,0.93,04/17/2018 12:50,04/17/2018 12:50,Pass,1
a845090,0.51,04/17/2018 12:59,04/17/2018 12:59,,1
a944324,0.95,04/17/2018 13:02,04/17/2018 13:02,Pass,1
a914847,0.99,04/17/2018 13:04,04/17/2018 13:04,Pass,1
a695707,0.79,04/17/2018 13:09,04/17/2018 13:09,Pass,1
a434931,0.82,04/06/2018 15:30,04/17/2018 13:15,Pass,1
a181250,0.88,04/17/2018 13:20,04/17/2018 13:20,Pass,1
a149703,0.7,03/23/2018 13:35,04/17/2018 13:32,Pass,1
a151750,0.92,04/17/2018 13:34,04/17/2018 13:34,Pass,1
a410790,0.9,04/13/2018 18:05,04/17/2018 13:34,Pass,1
a425134,0.88,04/05/2018 13:56,04/17/2018 13:36,Pass,1
a701628,0.96,03/23/2018 18:17,04/17/2018 13:39,Pass,1
a888029,0.87,04/06/2018 14:41,04/17/2018 13:43,Pass,1
a498191,0.98,04/13/2018 04:00,04/17/2018 13:45,Pass,1
a234577,0.96,04/10/2018 16:33,04/17/2018 13:46,Pass,1
a393865,0.78,04/09/2018 23:05,04/17/2018 13:49,Pass,1
a138976,0.27,04/17/2018 13:49,04/17/2018 13:49,,1
a565333,0.96,04/17/2018 13:44,04/17/2018 13:50,Pass,1
a268066,0.96,04/16/2018 20:46,04/17/2018 13:52,Pass,1
a772967,0.93,08/12/2016 18:59,04/17/2018 13:54,Pass,1
a902990,0.61,02/22/2017 16:41,04/17/2018 13:59,Pass,1
a543011,0.97,04/17/2018 14:17,04/17/2018 14:17,Pass,1
a206659,0.99,04/17/2018 14:18,04/17/2018 14:18,Pass,1
a165764,0.44,09/02/2016 04:16,04/17/2018 14:20,,1
a941141,0.98,04/17/2018 14:21,04/17/2018 14:21,Pass,1
a503742,0.61,04/17/2018 14:25,04/17/2018 14:25,Pass,1
a257737,0.85,01/14/2017 15:20,04/17/2018 14:29,Pass,1
a615833,0.8,04/17/2018 14:34,04/17/2018 14:34,Pass,1
a505627,0.99,04/17/2018 14:34,04/17/2018 14:34,Pass,1
a370204,0.62,08/31/2017 15:06,04/17/2018 14:38,Pass,1
a751053,0.99,04/17/2018 14:39,04/17/2018 14:39,Pass,1
a461605,0.67,04/17/2018 14:47,04/17/2018 14:47,Pass,1
a408115,0.83,04/17/2018 14:49,04/17/2018 14:49,Pass,1
a911802,0.95,04/17/2018 14:50,04/17/2018 14:50,Pass,1
a752493,0.16,09/19/2016 21:58,04/17/2018 14:53,,1
a917983,0.84,04/17/2018 14:58,04/17/2018 14:58,Pass,1
a799328,0.97,03/20/2018 16:49,04/17/2018 15:14,Pass,1
a659617,0.91,04/17/2018 15:15,04/17/2018 15:17,Pass,1
a461598,0.7,04/17/2018 15:19,04/17/2018 15:19,Pass,1
a464001,0.92,04/17/2018 15:20,04/17/2018 15:20,Pass,1
a614118,0.68,04/17/2018 15:25,04/17/2018 15:25,Pass,1
a813932,0.92,04/17/2018 15:32,04/17/2018 15:33,Pass,1
a261660,0.28,07/25/2016 13:19,04/17/2018 15:40,,1
a412118,0.99,04/17/2018 15:51,04/17/2018 15:51,Pass,1
a953128,0.97,04/17/2018 16:14,04/17/2018 16:14,Pass,1
a290819,0.66,03/15/2018 19:47,04/17/2018 16:14,Pass,1
a875734,0.88,04/17/2018 16:24,04/17/2018 16:24,Pass,1
a324929,0.89,04/16/2018 03:02,04/17/2018 16:28,Pass,1
a364404,0.66,04/17/2018 16:34,04/17/2018 16:34,Pass,1
a968446,0.7,04/17/2018 16:41,04/17/2018 16:41,Pass,1
a185087,0.74,04/17/2018 16:46,04/17/2018 16:46,Pass,1
a516740,0.99,04/17/2018 16:47,04/17/2018 16:47,Pass,1
a516164,0.68,04/17/2018 17:01,04/17/2018 17:01,Pass,1
a889015,0.97,03/16/2018 14:12,04/17/2018 17:07,Pass,1
a750168,0.99,04/17/2018 17:13,04/17/2018 17:13,Pass,1
a623678,0.99,04/17/2018 17:37,04/17/2018 17:37,Pass,1
a206136,0.69,04/17/2018 17:49,04/17/2018 17:49,Pass,1
a743219,1,04/17/2018 17:51,04/17/2018 17:51,Pass,1
a660618,0.99,04/17/2018 18:49,04/17/2018 18:49,Pass,1
a279439,0.28,03/15/2018 20:38,04/17/2018 19:06,,1
a311119,0.99,04/12/2018 20:23,04/17/2018 19:08,Pass,1
a174846,0.97,04/17/2018 19:22,04/17/2018 19:22,Pass,1
a134959,0.98,04/17/2018 19:28,04/17/2018 19:28,Pass,1
a837458,0.63,04/17/2018 19:44,04/17/2018 19:44,Pass,1
a802300,0.98,04/17/2018 19:47,04/17/2018 19:47,Pass,1
a534510,0.97,04/17/2018 19:56,04/17/2018 19:56,Pass,1
a826347,0.99,04/17/2018 19:59,04/17/2018 19:59,Pass,1
a338407,0.98,04/17/2018 21:16,04/17/2018 21:16,Pass,1
a667189,0.99,04/17/2018 21:45,04/17/2018 21:45,Pass,1
a970731,0.46,04/17/2018 22:28,04/17/2018 22:28,,1
a771885,0.82,03/30/2018 16:24,04/17/2018 23:50,Pass,1
a934990,0.98,04/02/2018 18:17,04/17/2018 23:52,Pass,1
a706484,0.76,04/02/2018 20:19,04/17/2018 23:56,Pass,1
a674815,0,04/18/2018 00:02,04/18/2018 00:02,,0
a715272,0.99,04/18/2018 00:02,04/18/2018 00:02,Pass,1
a634552,0.93,09/13/2016 17:31,04/18/2018 00:09,Pass,1
a111821,0.95,04/18/2018 00:49,04/18/2018 00:49,Pass,1
a524537,0.88,04/18/2018 01:06,04/18/2018 01:06,Pass,1
a107289,0.78,08/15/2017 15:31,04/18/2018 01:16,Pass,1
a862706,0.96,04/18/2018 01:55,04/18/2018 01:55,Pass,1
a328330,0.97,04/18/2018 02:08,04/18/2018 02:08,Pass,1
a951021,0.99,03/27/2018 18:15,04/18/2018 02:23,Pass,1
a982184,0.99,03/23/2018 15:06,04/18/2018 02:31,Pass,1
a130556,0.98,04/18/2018 04:21,04/18/2018 04:21,Pass,1
a792064,0.85,04/18/2018 10:50,04/18/2018 10:50,Pass,1
a739732,0.33,04/18/2018 11:54,04/18/2018 11:54,,1
a837594,0.89,04/18/2018 12:12,04/18/2018 12:12,Pass,1
a333384,0.52,04/18/2018 12:21,04/18/2018 12:21,,1
a337532,0.98,04/18/2018 12:24,04/18/2018 12:24,Pass,1
a930229,0.84,04/18/2018 12:37,04/18/2018 12:37,Pass,1
a322391,0.97,04/18/2018 12:54,04/18/2018 12:54,Pass,1
a498979,0.28,04/18/2018 13:15,04/18/2018 13:15,,1
a664900,0.3,04/18/2018 13:34,04/18/2018 13:34,,1
a587084,0.98,04/18/2018 13:38,04/18/2018 13:38,Pass,1
a119126,0.65,08/15/2016 15:39,04/18/2018 14:31,Pass,1
a408929,0.39,04/18/2018 14:48,04/18/2018 14:48,,1
a319645,0.69,09/14/2016 14:49,04/18/2018 14:57,Pass,1
a662843,0.65,04/18/2018 14:59,04/18/2018 14:59,Pass,1
a248494,0.91,08/18/2016 15:46,04/18/2018 15:00,Pass,1
a418564,0.96,04/18/2018 15:46,04/18/2018 15:46,Pass,1
a709300,0.97,04/18/2018 15:46,04/18/2018 15:46,Pass,1
a630996,0.97,04/18/2018 16:00,04/18/2018 16:00,Pass,1
a545148,0.97,04/18/2018 16:10,04/18/2018 16:10,Pass,1
a147196,0.97,04/17/2018 17:00,04/18/2018 16:15,Pass,1
a240584,0.95,04/18/2018 16:19,04/18/2018 16:19,Pass,1
a410784,0.99,04/13/2018 15:24,04/18/2018 16:26,Pass,1
a326896,0.97,05/02/2017 16:07,04/18/2018 16:27,Pass,1
a913885,0.76,09/02/2016 17:00,04/18/2018 16:29,Pass,1
a880017,0.67,02/16/2012 12:36,04/18/2018 16:30,Pass,1
a184079,0.5,04/18/2018 16:31,04/18/2018 16:31,,1
a991005,0.95,04/18/2018 17:09,04/18/2018 17:09,Pass,1
a786398,0.95,08/01/2016 19:02,04/18/2018 17:14,Pass,1
a880898,0.79,04/18/2018 17:47,04/18/2018 17:47,Pass,1
a979440,0.96,03/09/2018 17:53,04/18/2018 18:32,Pass,1
a495860,0.96,03/20/2017 15:28,04/18/2018 19:28,Pass,1
a141326,0.91,04/18/2018 19:29,04/18/2018 19:29,Pass,1
a788053,0.76,04/18/2018 21:07,04/18/2018 21:07,Pass,1
a602126,0.23,04/18/2018 22:39,04/18/2018 22:39,,1
a539554,1,04/18/2018 22:49,04/18/2018 22:49,Pass,1
a693514,0.49,04/19/2018 12:43,04/19/2018 12:43,,1
a194655,0.95,04/17/2018 23:20,04/19/2018 14:04,Pass,1
a874691,0.8,04/19/2018 14:44,04/19/2018 14:44,Pass,1
a330349,0.81,04/19/2018 14:46,04/19/2018 14:46,Pass,1
a644328,0.96,09/12/2016 00:28,04/19/2018 14:47,Pass,1
a599977,0.97,04/19/2018 16:56,04/19/2018 16:56,Pass,1
a799090,0.92,04/19/2018 17:48,04/19/2018 17:48,Pass,1
a598619,0.77,04/19/2018 18:32,04/19/2018 18:32,Pass,1
a166619,0,03/23/2018 18:00,04/19/2018 18:47,,0
a882680,0.65,04/19/2018 19:53,04/19/2018 19:53,Pass,1
a524192,0.8,04/19/2018 21:57,04/19/2018 21:57,Pass,1
a751460,0.88,04/20/2018 01:19,04/20/2018 01:19,Pass,1
a154181,0.08,04/20/2018 04:28,04/20/2018 04:28,,1
a235837,0.32,04/20/2018 10:38,04/20/2018 10:40,,1
a754021,0.99,04/20/2018 13:31,04/20/2018 13:31,Pass,1
a771849,0.97,08/04/2016 18:18,04/20/2018 15:40,Pass,1
a471483,0.87,04/20/2018 15:44,04/20/2018 15:44,Pass,1
a569598,0.97,04/20/2018 16:34,04/20/2018 16:34,Pass,1
a663355,0.83,04/20/2018 16:35,04/20/2018 16:35,Pass,1
a705291,0.9,04/20/2018 17:07,04/20/2018 17:07,Pass,1
a262212,0.89,04/20/2018 17:25,04/20/2018 17:25,Pass,1
a778056,0.91,04/20/2018 17:33,04/20/2018 17:33,Pass,1
a500757,0.98,04/20/2018 17:35,04/20/2018 17:35,Pass,1
a895861,0.26,04/20/2018 18:49,04/20/2018 18:49,,1
a178907,0.94,04/20/2018 18:54,04/20/2018 18:54,Pass,1
a943184,0.99,03/09/2018 03:14,04/20/2018 18:56,Pass,1
a276597,0.65,04/20/2018 19:23,04/20/2018 19:23,Pass,1
a202163,0.83,04/20/2018 20:10,04/20/2018 20:10,Pass,1
a792622,0.96,04/20/2018 21:23,04/20/2018 21:23,Pass,1
a812149,0.78,04/20/2018 21:45,04/20/2018 21:45,Pass,1
a518099,0.73,04/20/2018 22:54,04/20/2018 22:54,Pass,1
a902122,0,04/20/2018 23:09,04/20/2018 23:09,,0
a901807,0.83,04/21/2018 20:39,04/21/2018 20:39,Pass,1
a686417,0.95,04/22/2018 17:47,04/22/2018 17:47,Pass,1
a447639,0.96,04/22/2018 18:28,04/22/2018 18:28,Pass,1
a586728,0.98,08/02/2016 18:55,04/23/2018 02:05,Pass,1
a637517,0.95,04/23/2018 02:27,04/23/2018 02:27,Pass,1
a920598,0.43,04/23/2018 08:47,04/23/2018 08:47,,1
a403911,0.66,04/23/2018 11:18,04/23/2018 11:18,Pass,1
a379658,0.7,04/23/2018 13:30,04/23/2018 13:30,Pass,1
a499654,0.95,03/14/2017 21:12,04/23/2018 13:33,Pass,1
a168614,0.84,04/23/2018 14:06,04/23/2018 14:06,Pass,1
a420611,0.97,04/23/2018 14:38,04/23/2018 14:38,Pass,1
a441276,0.98,04/23/2018 15:31,04/23/2018 15:31,Pass,1
a861430,0.94,04/23/2018 15:44,04/23/2018 15:44,Pass,1
a742239,0,04/23/2018 15:52,04/23/2018 15:52,,0
a707961,0.67,08/01/2017 15:06,04/23/2018 16:06,Pass,1
a307483,0.99,04/23/2018 16:25,04/23/2018 16:25,Pass,1
a395184,0.89,04/23/2018 16:35,04/23/2018 16:35,Pass,1
a842995,0.96,04/23/2018 17:23,04/23/2018 17:23,Pass,1
a209595,0.83,04/23/2018 17:49,04/23/2018 17:49,Pass,1
a867869,0.99,04/23/2018 19:08,04/23/2018 19:26,Pass,1
a261359,0.29,04/23/2018 19:38,04/23/2018 19:38,,1
a834820,0.84,04/23/2018 20:05,04/23/2018 20:05,Pass,1
a167438,0.79,04/23/2018 21:04,04/23/2018 21:04,Pass,1
a642531,0.93,04/23/2018 21:27,04/23/2018 21:27,Pass,1
a760485,0.92,04/23/2018 23:13,04/23/2018 23:13,Pass,1
a311998,0.95,04/23/2018 23:14,04/23/2018 23:14,Pass,1
a438529,0.3,04/24/2018 00:24,04/24/2018 00:24,,1
a811292,0.83,04/24/2018 01:23,04/24/2018 01:23,Pass,1
a806907,0.91,04/24/2018 04:30,04/24/2018 04:30,Pass,1
a936959,0.99,04/24/2018 11:13,04/24/2018 11:13,Pass,1
a102692,0.96,04/24/2018 11:50,04/24/2018 11:50,Pass,1
a141567,0.8,04/24/2018 12:55,04/24/2018 12:55,Pass,1
a755125,0.93,04/24/2018 13:56,04/24/2018 13:56,Pass,1
a640724,0.94,04/24/2018 15:30,04/24/2018 15:30,Pass,1
a541046,0.99,04/24/2018 16:44,04/24/2018 16:44,Pass,1
a147672,0.77,08/18/2016 18:25,04/24/2018 17:27,Pass,1
a566257,0.86,09/13/2016 18:01,04/24/2018 17:40,Pass,1
a480988,0.96,04/24/2018 18:01,04/24/2018 18:01,Pass,1
a703525,0.8,08/14/2017 16:42,04/24/2018 18:12,Pass,1
a613284,0.62,03/19/2018 16:09,04/24/2018 18:42,Pass,1
a288863,0.91,04/24/2018 18:43,04/24/2018 18:43,Pass,1
a134723,0.84,04/24/2018 19:44,04/24/2018 19:44,Pass,1
a288481,0.71,04/24/2018 20:10,04/24/2018 20:10,Pass,1
a823362,0.99,04/23/2018 22:47,04/24/2018 21:07,Pass,1
a172005,0.79,09/01/2016 03:33,04/25/2018 13:24,Pass,1
a866925,0.99,04/25/2018 14:35,04/25/2018 14:35,Pass,1
a260643,0.95,04/25/2018 14:37,04/25/2018 14:37,Pass,1
a633302,0.63,04/25/2018 14:58,04/25/2018 15:00,Pass,1
a886354,0.9,04/25/2018 15:37,04/25/2018 15:37,Pass,1
a941357,0.97,04/25/2018 15:45,04/25/2018 15:51,Pass,1
a324071,0.67,04/23/2018 15:38,04/25/2018 16:19,Pass,1
a823801,0.94,04/25/2018 16:24,04/25/2018 16:24,Pass,1
a565935,0.93,04/25/2018 16:30,04/25/2018 16:30,Pass,1
a509808,0.94,04/25/2018 16:51,04/25/2018 16:51,Pass,1
a939512,0.93,03/20/2017 15:11,04/25/2018 17:42,Pass,1
a754623,0.82,04/25/2018 17:55,04/25/2018 17:55,Pass,1
a550124,0.68,04/25/2018 18:01,04/25/2018 18:01,Pass,1
a308062,0.76,04/25/2018 18:39,04/25/2018 18:39,Pass,1
a860982,0.99,04/25/2018 19:40,04/25/2018 19:40,Pass,1
a530554,0.29,04/25/2018 19:41,04/25/2018 19:41,,1
a650977,0,04/25/2018 19:58,04/25/2018 19:58,,0
a107732,0.99,04/25/2018 19:59,04/25/2018 19:59,Pass,1
a194858,0.97,04/25/2018 20:54,04/25/2018 20:54,Pass,1
a412725,0.61,04/25/2018 21:45,04/25/2018 21:45,Pass,1
a996847,0.86,04/25/2018 21:48,04/25/2018 21:48,Pass,1
a574611,0.98,04/26/2018 01:58,04/26/2018 01:58,Pass,1
a508715,0.81,04/26/2018 02:22,04/26/2018 02:22,Pass,1
a156105,0.95,04/26/2018 13:00,04/26/2018 13:00,Pass,1
a514696,0.79,04/26/2018 13:57,04/26/2018 13:57,Pass,1
a344888,0.99,04/26/2018 14:04,04/26/2018 14:04,Pass,1
a175741,0.89,04/25/2018 15:51,04/26/2018 14:14,Pass,1
a964059,0.93,04/26/2018 15:26,04/26/2018 15:26,Pass,1
a860150,0.89,04/26/2018 16:07,04/26/2018 16:07,Pass,1
a429954,0.99,04/25/2018 17:56,04/26/2018 17:20,Pass,1
a590341,0.96,09/05/2017 21:36,04/26/2018 17:37,Pass,1
a977273,0.84,04/26/2018 17:49,04/26/2018 17:49,Pass,1
a751447,0.24,04/26/2018 17:57,04/26/2018 17:57,,1
a989447,0.95,04/26/2018 18:00,04/26/2018 18:00,Pass,1
a610476,0.87,03/17/2017 06:20,04/26/2018 18:07,Pass,1
a894502,0.8,04/26/2018 18:09,04/26/2018 18:13,Pass,1
a958653,0.96,04/23/2018 15:45,04/26/2018 18:21,Pass,1
a854606,0.87,04/26/2018 18:41,04/26/2018 18:41,Pass,1
a485496,0.98,04/26/2018 18:46,04/26/2018 18:46,Pass,1
a117316,0.98,04/26/2018 19:12,04/26/2018 19:12,Pass,1
a701508,0.99,04/26/2018 19:31,04/26/2018 19:31,Pass,1
a835976,0.93,04/26/2018 17:25,04/26/2018 20:01,Pass,1
a490359,0.85,04/26/2018 20:36,04/26/2018 20:36,Pass,1
a983616,1,04/26/2018 20:44,04/26/2018 20:44,Pass,1
a632376,0.9,04/26/2018 22:12,04/26/2018 22:12,Pass,1
a647579,0.94,04/26/2018 23:27,04/26/2018 23:27,Pass,1
a438255,0.98,04/27/2018 03:34,04/27/2018 03:34,Pass,1
a840876,0.95,04/27/2018 12:32,04/27/2018 12:32,Pass,1
a932990,0.7,04/27/2018 13:16,04/27/2018 13:16,Pass,1
a258207,0.9,04/27/2018 14:34,04/27/2018 14:34,Pass,1
a947602,0.79,09/17/2016 23:16,04/27/2018 14:37,Pass,1
a434721,0.69,04/27/2018 15:01,04/27/2018 15:01,Pass,1
a150162,1,04/27/2018 15:13,04/27/2018 15:13,Pass,1
a834391,0.93,09/08/2016 19:25,04/27/2018 15:32,Pass,1
a851663,0.96,04/27/2018 15:52,04/27/2018 15:52,Pass,1
a799054,0.86,08/05/2016 21:07,04/27/2018 16:25,Pass,1
a773626,0.93,04/27/2018 17:51,04/27/2018 17:51,Pass,1
a463935,0.42,04/27/2018 18:12,04/27/2018 18:12,,1
a441366,0.97,04/27/2018 18:28,04/27/2018 18:28,Pass,1
a390936,0.92,04/27/2018 19:13,04/27/2018 19:13,Pass,1
a505721,0,02/26/2018 22:13,04/27/2018 19:23,,0
a568914,0.08,03/06/2018 15:14,04/27/2018 19:23,,1
a206048,0,09/13/2016 16:16,04/27/2018 19:23,,0
a227252,0,03/18/2018 18:07,04/27/2018 19:26,,0
a536545,0,12/13/2017 22:26,04/27/2018 19:26,,0
a907084,0.11,03/05/2018 07:03,04/27/2018 19:26,,1
a556857,0,03/03/2018 23:12,04/27/2018 19:26,,0
a480232,0,08/23/2016 22:41,04/27/2018 19:26,,0
a387619,0.93,04/27/2018 21:37,04/27/2018 21:37,Pass,1
a887910,0.14,04/27/2018 23:59,04/27/2018 23:59,,1
a488497,0.45,04/28/2018 03:14,04/28/2018 03:14,,1
a704862,0.97,04/28/2018 03:24,04/28/2018 03:25,Pass,1
a458877,0.99,03/16/2018 15:39,04/28/2018 13:36,Pass,1
a569095,0.82,04/10/2018 20:37,04/28/2018 13:40,Pass,1
a991185,0.97,04/19/2018 23:58,04/29/2018 02:22,Pass,1
a347846,0.64,04/29/2018 12:22,04/29/2018 12:22,Pass,1
a934179,0.66,04/29/2018 17:36,04/29/2018 17:36,Pass,1
a166359,0.97,04/29/2018 20:49,04/29/2018 20:50,Pass,1
a835801,0.99,04/29/2018 20:57,04/29/2018 20:58,Pass,1
a760709,1,04/29/2018 21:09,04/29/2018 21:09,Pass,1
a733687,0.86,04/29/2018 21:37,04/29/2018 21:37,Pass,1
a685487,0.97,04/29/2018 21:59,04/29/2018 21:59,Pass,1
a640384,0.92,04/29/2018 22:13,04/29/2018 22:13,Pass,1
a642563,0.97,04/29/2018 23:45,04/29/2018 23:45,Pass,1
a250926,0.99,04/29/2018 23:54,04/29/2018 23:55,Pass,1
a810601,0.96,04/29/2018 23:57,04/30/2018 00:00,Pass,1
a827121,0.92,04/30/2018 00:32,04/30/2018 00:33,Pass,1
a606679,1,04/30/2018 00:35,04/30/2018 00:36,Pass,1
a526346,1,04/30/2018 04:54,04/30/2018 04:55,Pass,1
a625087,0.95,04/30/2018 10:44,04/30/2018 10:44,Pass,1
a439031,0.84,04/30/2018 11:54,04/30/2018 11:54,Pass,1
a151215,0.05,04/30/2018 12:56,04/30/2018 12:56,,1
a657953,0.69,04/30/2018 13:01,04/30/2018 13:14,Pass,1
a422559,0.96,04/30/2018 13:19,04/30/2018 13:19,Pass,1
a207063,0.95,04/30/2018 13:42,04/30/2018 13:42,Pass,1
a188448,0.89,12/14/2017 17:05,04/30/2018 13:44,Pass,1
a969735,1,04/30/2018 13:47,04/30/2018 13:47,Pass,1
a985488,0.99,03/21/2018 20:18,04/30/2018 14:10,Pass,1
a219050,0.93,04/05/2016 21:51,04/30/2018 14:18,Pass,1
a186526,0.99,04/30/2018 14:20,04/30/2018 14:20,Pass,1
a996531,0.93,03/24/2017 01:07,04/30/2018 14:36,Pass,1
a826725,0.95,04/30/2018 15:06,04/30/2018 15:06,Pass,1
a826249,0.78,04/30/2018 15:40,04/30/2018 15:40,Pass,1
a957365,0.99,04/30/2018 15:46,04/30/2018 15:46,Pass,1
a814647,0.84,04/30/2018 15:47,04/30/2018 15:47,Pass,1
a360172,0.05,04/30/2018 15:50,04/30/2018 15:50,,1
a362150,0.63,04/30/2018 15:54,04/30/2018 15:54,Pass,1
a524140,0.85,04/30/2018 16:01,04/30/2018 16:01,Pass,1
a763839,0.94,04/30/2018 16:16,04/30/2018 16:16,Pass,1
a801100,0.99,12/14/2017 20:33,04/30/2018 16:47,Pass,1
a624598,0.88,04/30/2018 16:55,04/30/2018 16:55,Pass,1
a974086,0.99,04/30/2018 17:15,04/30/2018 17:15,Pass,1
a240458,0.88,04/30/2018 17:15,04/30/2018 17:15,Pass,1
a830549,0.9,09/14/2016 16:39,04/30/2018 17:20,Pass,1
a943899,0.67,04/23/2018 14:45,04/30/2018 17:30,Pass,1
a390705,0.6,04/30/2018 18:08,04/30/2018 18:08,Pass,1
a101346,0.99,04/30/2018 18:10,04/30/2018 18:10,Pass,1
a298074,0.45,04/30/2018 18:17,04/30/2018 18:20,,1
a151204,0.88,04/30/2018 18:59,04/30/2018 18:59,Pass,1
a174136,0.63,04/30/2018 17:23,04/30/2018 19:05,Pass,1
a681543,0.66,04/30/2018 19:39,04/30/2018 19:39,Pass,1
a681107,0.08,04/30/2018 20:09,04/30/2018 20:09,,1
a973322,0.8,04/30/2018 20:28,04/30/2018 20:28,Pass,1
a772859,0.66,04/30/2018 20:33,04/30/2018 20:33,Pass,1
a856122,0.24,04/30/2018 21:58,04/30/2018 21:58,,1
a364216,0.38,04/30/2018 22:24,04/30/2018 22:24,,1
a299072,1,04/10/2018 16:38,04/30/2018 22:34,Pass,1
a118150,0.93,04/30/2018 23:02,04/30/2018 23:02,Pass,1
a216233,0,04/30/2018 14:45,05/01/2018 00:26,,0
a851933,0.32,04/30/2018 19:19,05/01/2018 01:06,,1
a785873,0.67,05/01/2018 02:00,05/01/2018 02:00,Pass,1
a677451,0.27,04/30/2018 22:47,05/01/2018 12:44,,1
a232786,0,01/20/2016 15:31,05/01/2018 13:08,,0
a601292,0.75,04/30/2018 15:29,05/01/2018 13:21,Pass,1
a444675,0.72,05/01/2018 13:23,05/01/2018 13:23,Pass,1
a876572,0.83,01/11/2018 16:51,05/01/2018 13:42,Pass,1
a200065,0.72,08/17/2016 17:35,05/01/2018 14:05,Pass,1
a255369,0.76,05/01/2018 14:12,05/01/2018 14:13,Pass,1
a602773,0.18,05/01/2018 14:19,05/01/2018 14:19,,1
a574099,0.91,05/01/2018 14:22,05/01/2018 14:22,Pass,1
a321060,0.95,05/01/2018 14:26,05/01/2018 14:26,Pass,1
a231372,0.98,05/01/2018 14:42,05/01/2018 14:42,Pass,1
a789147,0.93,05/01/2018 14:44,05/01/2018 14:44,Pass,1
a257897,0.74,04/16/2018 18:55,05/01/2018 15:25,Pass,1
a182276,0.87,05/01/2018 15:56,05/01/2018 15:56,Pass,1
a847896,0.77,04/27/2018 13:47,05/01/2018 16:55,Pass,1
a423285,0.92,05/01/2018 17:16,05/01/2018 17:16,Pass,1
a218437,0.94,04/12/2018 19:15,05/01/2018 19:42,Pass,1
a432106,0.82,04/26/2018 19:34,05/01/2018 20:07,Pass,1
a246875,0.18,05/01/2018 22:20,05/01/2018 22:20,,1
a409565,0.82,05/01/2018 22:44,05/01/2018 22:44,Pass,1
a197177,0.77,04/25/2018 12:29,05/02/2018 02:29,Pass,1
a979141,0.16,04/06/2018 00:07,05/02/2018 02:48,,1
a947490,0.25,05/02/2018 13:28,05/02/2018 13:28,,1
a184701,0.8,05/02/2018 13:39,05/02/2018 13:39,Pass,1
a816068,0.76,05/01/2018 18:20,05/02/2018 14:53,Pass,1
a449036,0.81,05/02/2018 19:30,05/02/2018 19:30,Pass,1
a720672,0.19,05/02/2018 20:20,05/02/2018 20:20,,1
a236131,0.84,03/07/2018 19:53,05/02/2018 21:27,Pass,1
a123469,0.05,03/09/2018 00:11,05/02/2018 21:27,,1
a195585,0,03/02/2018 20:31,05/02/2018 21:27,,0
a325056,0.77,03/03/2018 14:28,05/02/2018 21:27,Pass,1
a149069,0,03/02/2018 22:03,05/02/2018 21:27,,0
a845347,0.25,03/05/2018 14:06,05/02/2018 21:28,,1
a436396,0,03/26/2018 16:32,05/02/2018 21:28,,0
a388674,0.99,03/04/2018 14:11,05/02/2018 21:28,Pass,1
a448397,0.05,03/05/2018 01:32,05/02/2018 21:28,,1
a254189,0.07,05/27/2014 22:34,05/02/2018 22:10,,1
a650091,0.27,05/03/2018 01:02,05/03/2018 01:02,,1
a469435,0.38,05/03/2018 01:27,05/03/2018 01:27,,1
a515923,0.94,05/03/2018 14:56,05/03/2018 14:56,Pass,1
a312564,0.23,05/03/2018 17:07,05/03/2018 17:07,,1
a858700,0.25,04/12/2018 17:02,05/03/2018 18:12,,1
a332422,0,04/27/2015 13:02,05/03/2018 19:29,,0
a290721,0.22,05/04/2018 03:23,05/04/2018 03:23,,1
a357736,0,04/18/2018 23:43,05/04/2018 18:40,,0
a589577,0.12,05/04/2018 20:10,05/04/2018 20:10,,1
a134924,0.93,03/23/2018 15:31,05/06/2018 01:26,Pass,1
a756619,0.98,05/06/2018 03:56,05/06/2018 03:56,Pass,1
a467996,0.98,05/06/2018 14:35,05/06/2018 14:35,Pass,1
a116261,0.89,01/18/2018 21:48,05/11/2018 12:59,Pass,1
a502159,0.95,05/11/2018 23:12,05/11/2018 23:12,Pass,1
a963723,0,04/20/2018 01:15,05/16/2018 20:33,,0
a725154,0.66,05/17/2018 15:01,05/17/2018 15:01,Pass,1
a131099,0,05/17/2018 17:12,05/17/2018 17:13,,0
a900851,0.85,03/30/2018 14:15,05/17/2018 20:02,Pass,1
a746712,0,05/18/2018 15:11,05/18/2018 15:12,,0
a585638,0,05/18/2018 18:57,05/18/2018 19:16,,0
a949995,0,01/21/2016 13:26,05/21/2018 17:39,,0
a131093,0.05,06/11/2018 12:35,06/11/2018 12:36,,1
